element 1,element 2,element 3,element 4,element 5,element 6,element 7,element 8,element 9,element 10,element 11,element 12,property
0.002977667,0.000496278,0.000992556,0,0.005955335,0.000992556,0,0,0,0.001488834,0.001488834,0.98560794,-1.113009885
0.002985075,0,0.000497512,0,0.005970149,0.000497512,0,0,0,0.000995025,0.000995025,0.988059701,-1.118975041
0.003138404,0,0,0.010461345,5.23E-05,0.899675698,0.015692018,0,0.000836908,0.062768072,0.007322942,5.23E-05,-0.917943191
0.003140704,0,0,0.020938023,0.00010469,0.91080402,0.001046901,0,0.001046901,0.06281407,0,0.00010469,-0.943562752
0.003144984,0,0,0.010483279,5.24E-05,0.878498794,0.015724919,0,0.000838662,0.083866233,0.007338295,5.24E-05,-0.875331623
0.00315723,0.000210482,0,0.00631446,0.000105241,0.926120817,0.000420964,0,0.000420964,0.063144601,0,0.000105241,-0.977812276
0.003237743,0,0.032377428,0.002312673,0.013876041,0.555041628,0,0,0,0.370027752,0.004625347,0.018501388,-0.462910994
0.003931204,0.003439803,0.004914005,0,0.003439803,0.001965602,0,0,0,0.049140049,0.001474201,0.931695332,-0.98855835
0.003937008,0.001968504,0.006889764,0,0.003444882,0.000984252,0,0,0,0.049212598,0.001476378,0.932086614,-0.989423986
0.003940498,0,0.003447936,0.985124618,0.003447936,0.002462812,0,0.001477687,9.85E-05,0,0,0,-1.111851647
0.003941275,0,0,0.00788255,4.93E-05,0.807961376,0.014779781,0,0.000788255,0.157651,0.006897231,4.93E-05,-0.750620488
0.003945551,0,0.003452357,0.986387848,0.003452357,0.00246597,0,0.000197278,9.86E-05,0,0,0,-1.114919286
0.003964321,0.00049554,0.00099108,0,0.002477701,0.002477701,0,0,0,0.059464817,0.00148662,0.92864222,-0.982962119
0.003964321,0.00099108,0.003468781,0,0.006937562,0.003964321,0,0,0,0.001982161,0.00148662,0.977205154,-1.092659815
0.003967467,0,0.000495933,0,0.002479667,0.000495933,0,0,0,0.000694307,0,0.991866693,-1.12829629
0.003968254,0,0.000496032,0,0.002480159,0.000496032,0,0,0,0.000496032,0,0.992063492,-1.128777338
0.003971406,9.93E-05,9.93E-05,0,0.000992851,0.000496426,0,0,0,0.000496426,0.000992851,0.992851469,-1.130711031
0.00397812,0,0,0,0.006961711,0.000497265,0,0,0,0,0.00099453,0.987568374,-1.117753086
0.003996004,0,0,0.005994006,0.001998002,0.981018981,0,0,0,0,0.004995005,0.001998002,-1.101931862
0.004004004,0,0,0.006006006,0.002002002,0.980980981,0,0,0,0,0.005005005,0.002002002,-1.101839921
0.004012036,0,0,0.006018054,0.002006018,0.980942828,0,0,0,0,0.005015045,0.002006018,-1.101747614
0.004022122,0.002011061,0.010055304,0,0.002513826,0.00100553,0,0,0,0.002513826,0.001508296,0.976370035,-1.090578127
0.004022122,0.003016591,0.005027652,0,0.004022122,0.00100553,0,0,0,0.002011061,0.001508296,0.979386626,-1.097936381
0.004034291,0.003530005,0.000100857,0,0.004034291,0.000403429,0,0,0,0.001008573,0.001512859,0.985375693,-1.112473744
0.004034291,0.003530005,0.001008573,0,0.002521432,0.001008573,0,0,0,0.001008573,0.001512859,0.985375693,-1.112485783
0.004054739,0.003041054,0.008109478,0,0.002534212,0.002534212,0,0,0,0.008109478,0.001520527,0.9700963,-1.075652444
0.004058853,0,0.00304414,0,0.00304414,0.001014713,0,0,0,0.022323694,0.00152207,0.96499239,-1.064057501
0.004067107,0.003558719,0.001016777,0,0.002541942,0.001016777,0,0,0,0.002033554,0.001525165,0.984239959,-1.109731533
0.004075395,0.002547122,0.010188487,0,0.004075395,0.001018849,0,0,0,0.002547122,0.001528273,0.974019358,-1.084912456
0.004094585,0,0,0.010236462,5.12E-05,0.788207595,0.015354693,0,0.000818917,0.174019859,0.007165524,5.12E-05,-0.718466397
0.004117344,0.002058672,0.010293361,0,0.00257334,0.001029336,0,0,0,0.00257334,0.001544004,0.975810602,-1.089224947
0.004130098,0.002065049,0.002065049,0,0.003097574,0.001032525,0,0,0,0.001032525,0.001548787,0.985028394,-1.111623039
0.004131378,0,0.000103284,0.010328445,5.16E-05,0.919231564,0.000516422,0,0.006713489,0.051642223,0.007229911,5.16E-05,-0.960464758
0.004180165,0,0,0.010450413,5.23E-05,0.856933849,0.015675619,0,0.000836033,0.104504128,0.007315289,5.23E-05,-0.833977609
0.004201239,0,0,0.010503098,5.25E-05,0.829744775,0.000210062,0,0.000840248,0.147043378,0.007352169,5.25E-05,-0.790935568
0.004408782,0,0.002204391,0.004408782,0.002204391,0.608411957,8.82E-05,0,0.000440878,0.361520148,0.011462834,0.004849661,-0.532786003
0.004468719,0.000993049,0.001489573,0,0.002979146,0.000496524,0,0,0,0.001986097,0.001489573,0.986097319,-1.11421918
0.00448654,0.002991027,0.002492522,0,0.002991027,0.000498504,0,0,0,0.001994018,0.001495513,0.983050847,-1.106827973
0.00450045,0,0.00450045,0.0180018,0.00540054,0.576057606,0,0,0,0.375337534,0,0.01620162,-0.498874369
0.004570384,0.003554743,0.000101564,0,0.004570384,0.00050782,0,0,0,0.002031282,0.001523461,0.983140362,-1.107041587
0.004591368,0,0.004591368,0.009182736,0.001836547,0.587695133,0,0,0,0.384756657,0,0.007346189,-0.52387479
0.004604052,0,0.032228361,0.002302026,0.013812155,0.580110497,0,0,0,0.360036832,0.004604052,0.002302026,-0.488587386
0.004663309,0,9.33E-05,0.013989927,0.002331655,0.578250326,9.33E-05,0,0.006062302,0.382391345,0.006528633,0.005595971,-0.508095531
0.004739336,0,0.007582938,0.002369668,0.033175355,0.857819905,0.001421801,0,0,0.085308057,0.007582938,0,-0.830093438
0.004742933,0,0.00284576,0.31303358,0,0.67349649,0,0.000664011,0,0.000474293,0.004742933,0,-0.59540387
0.004796163,0,0.001438849,0.007673861,0.010551559,0.633093525,0,0,0,0.341486811,0,0.000959233,-0.553251283
0.004816956,0,0,0,0.000963391,0.905587669,0,0,0,0.001926782,0.004816956,0.081888247,-0.934704911
0.004830918,0,0.000966184,0,0.173913043,0.048309179,0,0,0,0.000966184,0.001932367,0.769082126,-0.610214331
0.009082652,0,0.013623978,0.004541326,0.02270663,0.581289737,0.002724796,0,0,0.356948229,0.004541326,0.004541326,-0.488150741
0.009225092,0.001383764,0.00599631,0.004151292,0.064575646,0.046125461,0,0,0,0.018450185,0.003228782,0.846863469,-0.797380122
0.009270418,0,0.009270418,0.305923797,0,0.663761936,0.001854084,0.000463521,0.000185408,0.004635209,0.004635209,0,-0.573778404
0.009337068,0,0.009337068,0.308123249,0,0.659197012,0,0,0,0.009337068,0.004668534,0,-0.568079566
0.009345794,0,0.009345794,0.214953271,0,0.752336449,0,0,0,0.009345794,0.004672897,0,-0.670078734
0.00937295,0.487393383,0.002811885,0.487393383,0.00937295,0,0.000187459,0.000937295,0.000187459,0,0,0.002343237,-0.500957638
0.00937295,0.581122879,0.002811885,0.393663886,0.00937295,0,0.000187459,0.000937295,0.000187459,0,0,0.002343237,-0.522619418
0.009389671,0,0.004694836,0.004694836,0.093896714,0.037558685,0,0,0,0.009389671,0.004694836,0.835680751,-0.76726272
0.009425071,0.006597549,0.009425071,0.169651272,0,0.793590952,0,0,0,0.009425071,0.001885014,0,-0.727299712
0.009451796,0.003308129,0.005671078,0.002362949,0.080340265,0.018903592,0,0,0,0.014177694,0.004725898,0.861058601,-0.822080411
0.009452689,0.491539843,0.002835807,0.487758767,0.004726345,0,0.000189054,0.000945269,0.000189054,0,0,0.002363172,-0.506480082
0.009466111,0.492237789,0.004733056,0.482771677,0.009466111,0,0.000189322,0.000946611,0.000189322,0,0,0,-0.501251593
0.009492169,0,0.004746084,0.003322259,0.061699098,0.037968676,0,0,0,0.009492169,0.004746084,0.86853346,-0.842487586
0.009496676,0,0.005223172,0,0.128205128,0.001899335,0,0,0,0.002849003,0.002374169,0.849952517,-0.785677864
0.009509319,0.019018638,0.009509319,0.304298212,0.00475466,0.650437429,9.51E-05,0.00028528,9.51E-05,0.001901864,0,9.51E-05,-0.551382443
0.009519277,0,0.005235602,0,0.128510233,0.000951928,0,0,0,0.001427891,0.002379819,0.85197525,-0.78981391
0.00952381,0,0.004761905,0,0.057142857,0.047619048,0,0,0,0.00952381,0.004761905,0.866666667,-0.840165911
0.009541985,0.000954198,0,0.01240458,0.128816794,0.01240458,0,0,0,0.002385496,0.001431298,0.832061069,-0.748793051
0.009573959,0,0.009573959,0.315940641,0.001436094,0.658688368,0,0,0,0,0.004786979,0,-0.573145231
0.009606148,0.000960615,0.011527378,0,0.011527378,0.04803074,0,0,0,0.002401537,0.001440922,0.914505283,-0.948910286
0.009624639,0,0.005293551,0.001443696,0.10587103,0.000962464,0,0,0,0.001443696,0.001443696,0.873917228,-0.843047059
0.009633911,0.000963391,0.001926782,0.022157996,0.00867052,0.043352601,0,0,0,0.002408478,0.001445087,0.909441233,-0.937830973
0.009641342,0,0,0.159082144,0.000192827,0.71731585,0,0,0,0,0.002892403,0.110875434,-0.596027743
0.009647853,0,0.003376749,0,0.01447178,0.048239267,0,0,0,0.003376749,0.001447178,0.919440425,-0.960153509
0.009689922,0.002422481,0.003391473,0.022286822,0.006782946,0.043604651,0,0,0,0.003391473,0.001453488,0.906976744,-0.932384245
0.009689922,0.002422481,0.014534884,0.006782946,0.016472868,0.001937984,0,0,0,0.000968992,0.001453488,0.945736434,-1.017483965
0.009690392,0,0.009690392,0.949658414,0.007267794,0.002422598,0.000290712,0.001453559,0.000145356,0,0.004845196,0.014535588,-1.027236836
0.009708738,0.000970874,0.001941748,0.022330097,0.008737864,0.04368932,0,0,0,0.002427184,0.001456311,0.908737864,-0.936296698
0.009719118,0.000874721,0,0.004859559,0.009719118,0.960248809,0.004859559,0,0,0.004859559,0.004859559,0,-1.051996806
0.009756098,0,0,0.004878049,0,0.643902439,0,0,0,0.337560976,0.003902439,0,-0.566969364
0.009756098,0,0.000487805,0,0.009756098,0.00195122,0,0,0,0.00097561,0.001463415,0.975609756,-1.088657925
0.009760859,0,0.000488043,0,0.009760859,0.001952172,0,0,0,0.000976086,0.001464129,0.975597853,-1.088629064
0.009770396,0,0.00048852,0,0.009770396,0.00048852,0,0,0,0.00097704,0.001465559,0.97703957,-1.092094867
0.009775171,0.00342131,0.001955034,0,0.011730205,0.00342131,0,0,0,0.002443793,0.001466276,0.965786901,-1.065120509
0.009857072,0.000985707,0.000985707,0,0.007885658,0.000985707,0,0,0,0.000985707,0.001478561,0.97683588,-1.091644309
0.009886307,0.002965892,0.017795353,0,0.01384083,0.007909046,0,0,0,0.009886307,0.001482946,0.936233317,-0.995537174
0.00990099,0,0,0,0.001485149,0,0,0,0,0.000990099,0.001485149,0.986138614,-1.114229152
0.009983527,0.329456397,0.009983527,0.618978685,0.009983527,0.004991764,0.004991764,0.001497529,0.000149753,0,0,0.009983527,-0.521363466
0.010261194,0.001399254,0.005130597,0.004197761,0.111940299,0.023320896,0,0,0,0.015858209,0.00233209,0.825559701,-0.741079031
0.010346611,0,0.005690636,0.001034661,0.025866529,0.001034661,0,0,0,0.002586653,0.001551992,0.951888257,-1.031530872
0.010421601,0,0.009474183,0.312648034,0.001421127,0.661297963,0,0,0,0,0.004737091,0,-0.57482241
0.010566763,0.003362152,0.005763689,0.001440922,0.002401537,0.009606148,0,0,0,0.076849183,0.002401537,0.887608069,-0.893961609
0.010994045,0,0.005497022,0.003206596,0.027485112,0.073293633,0,0,0,0.02290426,0.004580852,0.852038479,-0.816594837
0.01119403,0,0.004664179,0.004664179,0.097947761,0.037313433,0,0,0,0.009328358,0.004664179,0.830223881,-0.755027681
0.011331445,0,0.004721435,0.009442871,0.001888574,0.868744098,0,0,0,0.004721435,0,0.099150142,-0.857963672
0.011406844,0,0.003326996,0.02851711,0.123574144,0.014258555,0,0,0,0.003326996,0,0.815589354,-0.717785219
0.011455847,0,0.003341289,0.003341289,0.028639618,0.047732697,0,0,0,0.00477327,0.003341289,0.897374702,-0.909886126
0.011538462,0,0.004807692,0.002884615,0.076923077,0.005769231,0,0,0,0.009615385,0.001923077,0.886538462,-0.877076775
0.011732852,0.001353791,0.004963899,0.004963899,0.099277978,0.036101083,0,0,0,0.027075812,0.002256318,0.812274368,-0.719051559
0.01180057,0,0.00049169,0.00049169,0,0.979349002,0.003933523,0,0,0.001966762,0.001966762,0,-1.097711175
0.01190122,0,0,0,0,0.983735,0.000396707,0,0,0.001983537,0.001983537,0,-1.108342087
0.011926606,0.001376147,0.005045872,0.005045872,0.100917431,0.036697248,0,0,0,0.011009174,0.002293578,0.825688073,-0.745027472
0.011932079,0,0.005507113,0,0.091785223,0.001835704,0,0,0,0.000917852,0.001376778,0.88664525,-0.87404086
0.011948529,0,0.004595588,0.004595588,0.087316176,0.036764706,0,0,0,0.027573529,0.004595588,0.822610294,-0.742700943
0.011948529,0,0.004595588,0.004595588,0.110294118,0.041360294,0,0,0,0.027573529,0.004595588,0.795036765,-0.68255508
0.011970534,0,0.004604052,0.002762431,0.105893186,0.027624309,0,0,0,0.027624309,0.004604052,0.814917127,-0.72200511
0.012172285,0,0.004681648,0.004681648,0.112359551,0.042134831,0,0,0,0.009363296,0.004681648,0.809925094,-0.710690245
0.012189405,0,0.004688233,0.00281294,0.168776371,0.046882325,0,0,0,0.014064698,0.002344116,0.748241913,-0.573302501
0.012200845,0.000938527,0.005161896,0.00281558,0.126701079,0.011262318,0,0,0,0.005161896,0.002346316,0.833411544,-0.751936599
0.012241055,0,0.004708098,0.00094162,0.169491525,0.047080979,0,0,0,0.014124294,0.001883239,0.74952919,-0.575398295
0.012275732,0,0.003305005,0.004721435,0.122757318,0.009442871,0,0,0,0.004721435,0.002360718,0.840415486,-0.767584561
0.012464046,0,0.000958773,0,0.172579099,0.047938639,0,0,0,0.000958773,0.001917546,0.763183126,-0.599433946
0.012487992,0,0.003362152,0.004803074,0.096061479,0.005763689,0,0,0,0.004803074,0.002401537,0.870317003,-0.837776872
0.012512031,0,0.00481232,0,0,0.577478345,0,0,0,0.400384986,0.00481232,0,-0.523961704
0.01284585,0,0,0,0.002964427,0.000494071,0,0,0,0.000988142,0.001482213,0.981225296,-1.102221646
0.012922465,0,0,0.011928429,0.002485089,0.026838966,0,0,0,0.000994036,0.001491054,0.94333996,-1.013394772
0.013691932,0,0.000488998,0,0.002933985,0.006356968,0,0,0,0.068459658,0.001466993,0.906601467,-0.934339738
0.013793103,0,0.002463054,0.013793103,0.002463054,0.026600985,0,0,0,0.001477833,0.001477833,0.937931034,-1.000858631
0.013954786,0,0.013954786,0.297702112,0.004651595,0.663317518,0.000186064,0.001395479,0.000186064,0,0.004651595,0,-0.566617582
0.014020002,0,0.014020002,0.205626694,0.004673334,0.755210767,0.000186933,0.001402,0.000186933,0,0.004673334,0,-0.670183372
0.014173005,0.198422072,0.00944867,0.748334672,0.00944867,0.001889734,0.000188973,0.000944867,0.00014173,0,0,0.017007606,-0.654279069
0.014285714,0,0.005714286,0.004761905,0.19047619,0.007619048,0,0,0,0.004761905,0.004761905,0.767619048,-0.596965517
0.014387109,0,0.011509687,0.297333589,0.000959141,0.670439286,9.59E-05,0.000287742,9.59E-05,0.004795703,0,9.59E-05,-0.578197755
0.014388489,0.004796163,0.000959233,0.001438849,0.091127098,0.001918465,0,0,0,0.001438849,0.001438849,0.882494005,-0.86512417
0.014406454,0,0,0,0.00096043,0.873991548,0,0,0,0.000192086,0.004802151,0.10564733,-0.870645835
0.014414761,0,0.011531809,0.297905055,0.006726888,0.664039977,9.61E-05,0.000288295,9.61E-05,0.00480492,0,9.61E-05,-0.568032709
0.014464802,0,0,0,0,0.869816779,0,0,0,0,0.009643202,0.106075217,-0.861695152
0.01459144,0,0,0,0.042801556,0.102140078,0,0,0,0.01459144,0,0.825875486,-0.76693799
0.014925373,0,0.004975124,0.169154229,0,0.606965174,0,0,0,0.194029851,0.009950249,0,-0.450895917
0.014972301,0,0,0.269501422,0.00149723,0.668762789,0.000499077,0,0.000798523,0.039926137,0.003992614,4.99E-05,-0.558036594
0.015032319,0,0,0.140301649,0.001503232,0.581249687,0.000501077,0,0.000801724,0.250538658,0.010021546,5.01E-05,-0.433210487
0.015062509,0,0,0.215895968,0.001506251,0.672792087,0.000502084,0,0.000803334,0.090375056,0.003012502,5.02E-05,-0.540731334
0.015831552,0,0.023747328,0.047494657,0.000791578,0.514525449,0.000237473,0,0,0.377582522,0,0.01978944,-0.419847942
0.016377649,0,0.007707129,0.05973025,0,0.901734104,0,0,0,0.009633911,0.004816956,0,-0.921985547
0.016736402,0,0.029288703,0.020920502,0.008368201,0.560669456,0,0,0,0.343096234,0,0.020920502,-0.447704928
0.016856718,0,0,0,0.001487357,0.000495786,0,0,0,0,0.001487357,0.979672781,-1.098328452
0.01707132,0,0.0142261,0.104324734,0.004742033,0.853566009,0.000189681,0.000948407,0.000189681,0,0.004742033,0,-0.826422793
0.017094017,0,0.009496676,0.104463438,0,0.854700855,0,0,0,0.009496676,0.004748338,0,-0.82912371
0.017131436,0,0.009517465,0.10469211,0,0.856571809,0.001903493,0.000475873,0.000190349,0.004758732,0.004758732,0,-0.83304023
0.017322683,0,0.014435569,0.105860841,0.000962371,0.856510442,0,0,0,0.004811856,0,9.62E-05,-0.833092293
0.018052171,0,0.013539128,0.635436411,0.004513043,0.297860818,0,0.001624695,9.03E-05,0,0,0.028883473,-0.523001708
0.018099548,0,0.009049774,0.009049774,0,0.561085973,0,0,0,0.380090498,0.009049774,0.013574661,-0.481396845
0.01826484,0,0.00456621,0.00456621,0.086757991,0.03652968,0,0,0,0.02739726,0.00456621,0.817351598,-0.731920403
0.018348624,0,0.013761468,0.009174312,0,0.550458716,0,0,0,0.385321101,0.009174312,0.013761468,-0.471631955
0.018761726,0,0.003283302,0.004690432,0.12195122,0.009380863,0,0,0,0.004690432,0.002345216,0.834896811,-0.75617932
0.018789144,0,0.003653445,0.001565762,0.003653445,0.002609603,0,0,0,0.001565762,0.002609603,0.965553236,-1.064360614
0.018921476,0,0.003311258,0.004730369,0.056764428,0.005676443,0,0,0,0.004730369,0.002365184,0.903500473,-0.917496997
0.019056694,0,0.004764173,0,0,0.57170081,0,0,0,0.397332063,0.004764173,0.002382087,-0.51252723
0.019083969,0,0.003339695,0.004770992,0.095419847,0.005725191,0,0,0,0.004770992,0.002385496,0.864503817,-0.825237451
0.019405418,0,0.031048669,0.023286502,0.000776217,0.512303035,0.000232865,0,0,0.389660793,0,0.023286502,-0.42588412
0.019729703,0,0,0,0,0.972674361,0.003452698,0,0,0.00197297,0.00197297,0.000197297,-1.08134446
0.020326236,0.348594949,0.005081559,0.611819706,0.006097871,0.003048935,0.000304894,0.000508156,0.000152447,0,0,0.004065247,-0.526187111
0.021480431,0,0.03436869,0.592859905,0.012888259,0.326502556,0.000171843,0.000859217,0.000128883,0,0.004296086,0.006444129,-0.477995143
0.021677663,0,0.023562677,0.301602262,0,0.639019793,0,0,0,0.009425071,0.004712535,0,-0.529836518
0.021683508,0,0.034693612,0.598464808,0.011275424,0.31657921,0.000260202,0.00130101,0.000130101,0,0.004336702,0.011275424,-0.478475557
0.02173913,0,0.013043478,0,0.043478261,0.860869565,0.004347826,0,0,0.043478261,0,0.013043478,-0.828499277
0.022449713,0,0.01795977,0.646551724,0.004489943,0.305316092,0,0.002693966,0.000538793,0,0,0,-0.544699297
0.022456972,0,0.017965578,0.646760806,0.004491394,0.305414825,0,0.002694837,0.000215587,0,0,0,-0.545106642
0.022522523,0,0.036036036,0.036036036,0,0.513513514,0,0,0,0.364864865,0.009009009,0.018018018,-0.404340632
0.023177209,0,0,0,0,0.845002414,0.00338001,0,0,0.123611782,0.004828585,0,-0.81386791
0.025755324,0,0,0,0,0.968796434,0.001485884,0,0,0.001981179,0.001981179,0,-1.07173648
0.026595745,0,0.004432624,0.031028369,0.017730496,0.855496454,0,0,0,0.044326241,0.002659574,0.017730496,-0.82043985
0.02739726,0,0.03196347,0.00913242,0,0.547945205,0,0,0,0.347031963,0.00913242,0.02739726,-0.432813078
0.027558332,0,0.013779166,0.91861106,0.018372221,0.011941944,0.000275583,0.009186111,0.000275583,0,0,0,-0.954473929
0.027869385,0.204375494,0.032514283,0.719959125,0.004644898,0.004644898,0.000278694,0.00092898,0.000139347,0,0.004644898,0,-0.603689476
0.027877155,0.195140083,0.009292385,0.740603076,0.009292385,0,0,0.000929238,0.000139386,0,0,0.016726293,-0.637774868
0.028248588,0,0.018832392,0.037664783,0.001883239,0.809792844,0,0,0,0.004708098,0,0.098870056,-0.736305778
0.02907963,0,0.001938642,0.001453981,0.000969321,0.889836669,0.000145398,0,0,0.001938642,0.001938642,0.072699074,-0.897096874
0.030591731,0,0.013110742,0.646796609,0.017480989,0.288436325,0.000262215,0.003059173,0.000262215,0,0,0,-0.53203782
0.030780055,0,0.013191452,0.650778296,0.011432592,0.290211943,0.000263829,0.003078005,0.000263829,0,0,0,-0.539872987
0.031149875,0,0.013349947,0.625667497,0.032929868,0.293698825,0.000266999,0.002669989,0.000266999,0,0,0,-0.501654921
0.031149875,0,0.013349947,0.640797437,0.017799929,0.293698825,0.000266999,0.002669989,0.000266999,0,0,0,-0.526224558
0.032751986,0,0.040939982,0.024563989,0.0008188,0.548595759,0.00024564,0,0,0.29476787,0,0.057315975,-0.395002613
0.032859222,0,0.009388349,0,0,0.868422288,0.000140825,0,0,0.009388349,0.004694175,0.075106792,-0.850803577
0.033751205,0,0.009643202,0.014464802,0.00192864,0.834136933,0,0,0,0.004821601,0,0.101253616,-0.784644729
0.034482759,0,0.043103448,0,0,0.586206897,0,0,0,0.280172414,0.004310345,0.051724138,-0.435391565
0.035555556,0,0.044444444,0.008888889,0,0.586666667,0,0,0,0.248888889,0.008888889,0.066666667,-0.417618065
0.036166365,0,0.13562387,0.040687161,0.000904159,0.696202532,0,0,0,0.009041591,0,0.081374322,-0.49901833
0.036396724,0,0.045495905,0.009099181,0,0.600545951,0,0,0,0.25477707,0.009099181,0.044585987,-0.438369103
0.036832413,0,0.128913444,0.027624309,0.00092081,0.722836096,0,0,0,0,0.004604052,0.078268877,-0.545903154
0.037019898,0,0.013882462,0.05090236,0.002313744,0.786672837,0,0,0,0.002776492,0.004627487,0.10180472,-0.692419633
0.037209302,0,0.046511628,0,0,0.63255814,0,0,0,0.23255814,0,0.051162791,-0.474273195
0.037825059,0,0.004728132,0.009456265,0.002364066,0.846335697,0,0,0,0,0.004728132,0.094562648,-0.807823923
0.038647343,0,0,0,0,0.859903382,0,0,0,0,0.009661836,0.09178744,-0.835485707
0.039611804,0.217864924,0.004951476,0.715983363,0.010893246,0.004951476,0.000198059,0.000495148,9.90E-05,0,0,0.004951476,-0.603909495
0.041425819,0,0.019267823,0.046242775,0.000963391,0.795761079,0,0,0,0,0.004816956,0.091522158,-0.706488672
0.042836744,0,0.002855783,0,0.002379819,0.837696335,0,0,0,0,0.004759638,0.10947168,-0.793045884
0.043144775,0,0,0,0,0.848513902,0,0,0,0.007670182,0.004793864,0.095877277,-0.812148873
0.043144775,0,0.014381592,0.047938639,0.000958773,0.797698945,0,0,0,0,0.004793864,0.091083413,-0.710417519
0.045173239,0.189727605,0.009034648,0.738130731,0.009034648,0.004517324,0.000180693,0.001355197,0.00013552,0,0,0.002710394,-0.628843902
0.045454545,0,0.031818182,0.05,0,0.763636364,0,0,0,0,0.004545455,0.104545455,-0.647104768
0.045745654,0,0.004574565,0.05032022,0.018298262,0.841720037,0,0,0,0.018298262,0.002744739,0.018298262,-0.789829007
0.047169811,0,0.004716981,0.014150943,0,0.820754717,0,0,0,0,0.004716981,0.108490566,-0.757899107
0.047214353,0,0.014164306,0.05476865,0.000944287,0.779036827,0,0,0,0.001888574,0.007554297,0.094428706,-0.675287157
0.047393365,0,0.004739336,0.023696682,0,0.81042654,0,0,0,0,0.004739336,0.109004739,-0.737685758
0.050329659,0.231516433,0.005032966,0.693542705,0.005032966,0.005032966,0.000201319,0.000100659,0.000150989,0,0.005032966,0.004026373,-0.571361549
0.0505025,0.232311499,0.0101005,0.695924448,0.0101005,0,0.000151507,0.00060603,0.000303015,0,0,0,-0.575665954
0.050589366,0.232711084,0.005058937,0.696109678,0.005058937,0.005058937,0.000202357,0.001011787,0.000151768,0,0,0.004047149,-0.576443163
0.050621261,0.000460193,0.027611597,0.055223194,0.000920387,0.763920847,0,0,0,0.004601933,0,0.096640589,-0.646104456
0.050797521,0.233668597,0.005079752,0.69998984,0.005079752,0,0.000152393,0.00101595,0.000152393,0,0,0.004063802,-0.583614303
0.051469453,0.267641155,0.025734726,0.635133049,0.007720418,0.005146945,0.000308817,0.001544084,0.000154408,0,0.005146945,0,-0.496925898
0.051498127,0.000468165,0.014044944,0.056179775,0.001404494,0.761235955,0,0,0,0.002808989,0.004681648,0.107677903,-0.644509246
0.051570558,0.000468823,0.014064698,0.05625879,0,0.766994843,0,0,0,0.00281294,0.004688233,0.103141116,-0.654183778
0.052132701,0,0.018957346,0,0,0.796208531,0,0,0,0,0.004739336,0.127962085,-0.713372611
0.054220134,0.280137358,0.009036689,0.609976505,0.004518344,0.004518344,0,0.001355503,9.04E-05,0,0,0.036146756,-0.468789896
0.061349693,0,0.021910605,0.065731814,0.000876424,0.74057844,0,0,0,0.004382121,0,0.105170903,-0.60536221
0.068762279,0.225933202,0.009823183,0.676817289,0.007367387,0.004911591,0.000294695,0.000982318,0.000196464,0,0.004911591,0,-0.53710733
0.072283714,0.153602891,0.024395753,0.736390332,0.003162412,0.004517732,0.000271064,0.000722837,0.000135532,0,0.004517732,0,-0.605882868
0.083580593,0.142087007,0.079401563,0.6770028,0.008358059,0.00417903,0.000250742,0.000835806,0.000125371,0,0.00417903,0,-0.488918379
0.084257829,0.159153677,0.009361981,0.727425923,0.00468099,0.00468099,0.00018724,0.000748958,0.00014043,0,0,0.009361981,-0.590280586
0.084277554,0.159190935,0.009364173,0.727596217,0.004682086,0.004682086,0,0.000749134,9.36E-05,0,0,0.009364173,-0.590596645
0.084729008,0.160043683,0.009414334,0.725845172,0.004707167,0.004707167,7.53E-05,0.00056486,2.82E-05,0.000470717,0,0.009414334,-0.587700509
0.091378444,0.155343355,0.009137844,0.731027551,0.004568922,0.004568922,0.000182757,0.000913784,0.000137068,0,0,0.002741353,-0.593643964
0.091604452,0.155727568,0.009160445,0.732835616,0.004580223,0.004580223,0,0.001374067,0.000137407,0,0,0,-0.596994959
0.092468056,0.142905178,0.01260928,0.722932078,0.025218561,0,0.000252186,0.003362475,0.000252186,0,0,0,-0.57343864
0.092614031,0.157443853,0.009261403,0.727020144,0.003241491,0.004630702,0.000277842,0.000740912,0.000138921,0,0.004630702,0,-0.586944703
0.099922787,0.281600581,0.004541945,0.599536722,0.004541945,0.004541945,0.000181678,0.000454194,0.000136258,0,0,0.004541945,-0.44403857
0.100397025,0.282937069,0.004563501,0.602382148,0.004563501,0.004563501,0,0.00045635,0.000136905,0,0,0,-0.449042328
0.100502513,0.142378559,0.029313233,0.711892797,0.006281407,0.004187605,0.000251256,0.000837521,0.000167504,0,0.004187605,0,-0.551673341
0.10236367,0.241950493,0.001395868,0.610459706,0.004652894,0.004652894,0.001861158,0.003722315,9.31E-05,0.000930579,0,0.027917365,-0.435103701
0.103112111,0.243719535,0.004686914,0.617735283,0.004686914,0.000937383,0.000187477,0.002343457,9.37E-05,0,0,0.022497188,-0.446595189
0.103354317,0.244292023,0.001409377,0.61918632,0.004697924,0.000939585,0.000187917,0.002348962,9.40E-05,0.000939585,0,0.022550033,-0.449119288
0.116368879,0.22655888,0.002059626,0.648782246,0.002059626,0,0.000154472,0.000308944,0.000102981,0,0,0.003604346,-0.480964293
0.140894681,0.221405928,0.015095859,0.603834348,0.005031953,0.013083078,0.000301917,0.000301917,5.03E-05,0,0,0,-0.400820134
0.156513733,0.230167255,0.00358038,0.603549691,0.002045931,0,0.000153445,0.00030689,0.000102297,0,0,0.00358038,-0.399643211
0.16343011,0.30282638,0.000288406,0.501826572,0.007690829,0.023072486,0.000384541,0.000288406,0.000192271,0,0,0,-0.306622927
0.163666121,0.214811784,0.005114566,0.602495908,0.005114566,0.00306874,0.000204583,0.000306874,0.000102291,0,0,0.005114566,-0.386813646
0.163882187,0.227614148,0.009104566,0.573587654,0.004552283,0.004552283,0.000182091,0.000910457,0.000136568,0,0,0.015477762,-0.352008888
0.172447773,0.002956248,0.007883327,0.808040993,0.004927079,0.002956248,9.85E-05,0.000492708,0.000197083,0,0,0,-0.68366158
0.175795707,0.027757217,0.013878608,0.721687639,0.004626203,0.055514434,9.25E-05,0.00046262,0.000185048,0,0,0,-0.52393813
0.177234259,0.221542824,0.008861713,0.558287917,0.004430856,0.008861713,0.000265851,0.000886171,0.000132926,0,0.004430856,0.015064912,-0.321720075
0.178070605,0.222588256,0.00890353,0.560922406,0.004451765,0.00890353,0,0.000890353,0.000133553,0,0,0.015136001,-0.325587994
0.194996321,0.344922737,0.013796909,0.423105224,0.018395879,0,0.000367918,0.004139073,0.000275938,0,0,0,-0.235310953
0.196266882,0.232687541,0.01011685,0.546309879,0.000910516,0.013151904,0.000303505,0.000202337,5.06E-05,0,0,0,-0.302739063
0.197481397,0.286204923,0.014310246,0.477008205,0.019080328,0,0.000381607,0.00524709,0.000286205,0,0,0,-0.248200842
0.199960008,0.229954009,0.009998,0.537892422,0.009998,0.004999,0.00039992,0.0014997,0.00029994,0,0.004999,0,-0.287794598
0.200030005,0.230034505,0.0100015,0.538080712,0.0100015,0.00500075,0.00020003,0.001500225,0.000150023,0,0,0.00500075,-0.288117222
0.201572264,0.231808103,0.010078613,0.544245112,0.010078613,0,0.000403145,0.001511792,0.000302358,0,0,0,-0.296523273
0.202839757,0.23326572,0.010141988,0.542596349,0.010141988,0,0.00040568,0.00030426,0.00030426,0,0,0,-0.294512005
0.204708291,0.229078325,0.009748014,0.521518741,0.009748014,0.024370035,0.000389921,0.00014622,0.00029244,0,0,0,-0.264286109
0.20746888,0.232167556,0.019758941,0.504840941,0.00987947,0.024698676,0.000395179,0.000493974,0.000296384,0,0,0,-0.243189505
0.222585627,0.199872808,0.009085128,0.545107659,0.004542564,0,0.000272554,0.000272554,9.09E-05,0,0,0.018170255,-0.270225119
0.7251011,0.206903038,0.032916392,0.014107025,0.008464215,0.01128562,0.000376187,0.000564281,0.000282141,0,0,0,0.681002328
0.725363875,0.1240754,0.009544262,0.095442615,0.006680983,0.033404915,0.000286328,0.000286328,0.000143164,0,0,0.004772131,0.701781389
0.727442294,0.167871299,0.018652367,0.074609466,0.009326183,0,0.000419678,0.001398927,0.000279785,0,0,0,0.695878844
0.72798544,0.16799664,0.018666293,0.074665173,0.009333147,0,0.000419992,0.00065332,0.000279994,0,0,0,0.696793962
0.728003364,0.168216438,0.018690715,0.074762862,0.009345358,0,0.000420541,0.000280361,0.000280361,0,0,0,0.696718869
0.728257318,0.168059381,0.018673265,0.074693058,0.009336632,0,0.000420148,0.000280099,0.000280099,0,0,0,0.697251775
0.729286868,0.156935149,0.013847219,0.046157397,0.006462036,0.046157397,0.000369259,0.000646204,0.000138472,0,0,0,0.704933901
0.73028508,0.15734913,0.009255831,0.046279156,0.009255831,0.046279156,0.000370233,0.000647908,0.000277675,0,0,0,0.706465398
0.734100774,0.235893565,0.009435743,0.004717871,0.009435743,0.004717871,0.000471787,0.000283072,0.000471787,0,0,0.000471787,0.680509759
0.734610918,0.162601626,0.007259001,0.048393341,0.007259001,0.038714673,0.000387147,0.000483933,0.00029036,0,0,0,0.712670835
0.735362562,0.158242577,0.009308387,0.051196128,0.007446709,0.037233547,0.000325794,0.000651587,0.00023271,0,0,0,0.715596745
0.736329694,0.193770972,0.03780897,0.014178364,0.007561794,0.009452243,0.00037809,0.000472612,4.73E-05,0,0,0,0.708173289
0.737327189,0.153609831,0.009600614,0.073924731,0.009600614,0,0.000384025,0.000864055,0.000288018,0,0,0.014400922,0.718944116
0.737993343,0.166428911,0.009510223,0.071326676,0.009510223,0,0.000380409,0.000760818,0.000285307,0,0,0.003804089,0.715796866
0.741476332,0.167399631,0.006620324,0.043504989,0.009457606,0.03026434,0.000331016,0.000662032,0.000283728,0,0,0,0.724519017
0.742979357,0.144132416,0.009298866,0.05114376,0.009298866,0.041844895,0.000371955,0.000650921,0.000278966,0,0,0,0.734334129
0.745090299,0.123359321,0.000986875,0.111516826,0.000986875,0,9.87E-05,0.000148031,4.93E-05,0,0,0.017763742,0.734509435
0.746563736,0.150630766,0.009414423,0.06590096,0.009414423,0.016945961,0.000376577,0.000470721,0.000282433,0,0,0,0.738235769
0.747247733,0.228167247,0.007605575,0.004753484,0.005704181,0.004753484,0.000475348,0.000285209,5.70E-05,0,0,0.000950697,0.7088302
0.750943396,0.226415094,0.00754717,0,0.004716981,0.004716981,0.000471698,0.000283019,0.000188679,0,0,0.004716981,0.716626472
0.751741841,0.192519252,0.009167583,0.018335167,0.013751375,0.0110011,0.000366703,0.002750275,0.000366703,0,0,0,0.735333429
0.752130242,0.147569858,0.006664445,0.052363498,0.009520636,0.030466035,0.000333222,0.000666445,0.000285619,0,0,0,0.750777325
0.754770586,0.217813343,0.009470145,0,0.009470145,0.007576116,0.000378806,0.000236754,0.000284104,0,0,0,0.728549457
0.755580996,0.119252051,0.004770082,0.090631559,0.004770082,0.02385041,0.000381607,0.000477008,0.000286205,0,0,0,0.760093319
0.757628553,0.124446214,0.002488924,0.112499378,0.002488924,0,0.000149335,0.000199114,9.96E-05,0,0,0,0.757536701
0.757683383,0.217833973,0.009471042,0.004735521,0.009471042,0,0.000378842,0.000142066,0.000284131,0,0,0,0.734012882
0.757706713,0.120042255,0.00480169,0.091232114,0.001920676,0.024008451,9.60E-05,9.60E-05,9.60E-05,0,0,0,0.763658971
0.760081505,0.161114533,0.014215988,0.056863953,0.006634128,0,0.000379093,0.00056864,0.00014216,0,0,0,0.761121843
0.760103819,0.213199852,0.009269559,0.005561735,0.009269559,0,0.000370782,0.001853912,0.000370782,0,0,0,0.740980655
0.760728866,0.124464801,0.000995718,0.101563278,0.000995718,0,9.96E-05,0.000149358,4.98E-05,0,0,0.010952903,0.766059903
0.761348401,0.162804061,0.009576709,0.057460257,0.007661368,0,0.000335185,0.000574603,0.000239418,0,0,0,0.762621431
0.762041697,0.143781452,0.00958543,0.057512581,0.006709801,0.01917086,0.000383417,0.00067098,0.000143781,0,0,0,0.770636273
0.762291832,0.16851705,0.012886598,0.049563838,0.004956384,0,0.000396511,0.001090404,0.000297383,0,0,0,0.763150522
0.762408002,0.207586337,0.009435743,0.004717871,0.009435743,0.004717871,0.000471787,0.000283072,0.000471787,0,0,0.000471787,0.748212788
0.763162897,0.161566242,0.009503897,0.05702338,0.007603117,0,0.000332636,0.000570234,0.000237597,0,0,0,0.766585636
0.763214925,0.164892113,0.009422406,0.051823236,0.009422406,0,0.000376896,0.000565344,0.000282672,0,0,0,0.766079138
0.763648437,0.16601053,0.009486316,0.052174738,0.007589053,0,0.000332021,0.000569179,0.000189726,0,0,0,0.766356791
0.76425181,0.206165796,0.009589107,0,0.009589107,0.009589107,0.000383564,0.000287673,0.000143837,0,0,0,0.752356365
0.767108606,0.130993966,0.001984757,0.084352175,0.000992379,0,9.92E-05,0.000496189,7.94E-05,0,0,0.013893299,0.779878648
0.768776436,0.200053348,0.00952635,0.00571581,0.00952635,0.00571581,0.000381054,0.000190527,0.000114316,0,0,0,0.763998968
0.77045749,0.124588857,0.000996711,0.094687531,0.000996711,0,9.97E-05,0.000149507,4.98E-05,0,0,0.007973687,0.786119915
0.771445592,0.158856235,0.012907069,0.049642573,0.004964257,0,0.000397141,0.001489277,0.000297855,0,0,0,0.784348116
0.774285039,0.141810447,0.00945403,0.066178208,0.004727015,0.002836209,0.000189081,0.000472701,4.73E-05,0,0,0,0.793610768
0.774562143,0.177952608,0.009365927,0.009365927,0.023414817,0,0.000374637,0.004682963,0.000280978,0,0,0,0.785812805
0.775059453,0.125164881,0.019256135,0.067396474,0.004814034,0.007702454,0.000385123,0.000192561,2.89E-05,0,0,0,0.800653229
0.775870246,0.175471877,0.009484966,0.004742483,0.014227449,0.004742483,0.000474248,0.000284549,0.000474248,0,0,0.014227449,0.788800854
0.779335359,0.142142927,0.00490148,0.068620723,0.002940888,0,0.000294089,0.000490148,0.000294089,0,0,0.000980296,0.802673198
0.781469123,0.188597128,0.009671648,0.009671648,0.009671648,0,0.000386866,0.000241791,0.000290149,0,0,0,0.793718979
0.781796407,0.182035928,0.009580838,0,0.013413174,0,0.000383234,0.001149701,0.000143713,0,0,0.011497006,0.797402849
0.782805212,0.197143819,0.009616772,0,0.009616772,0,0.000384671,0.000288503,0.000144252,0,0,0,0.792343774
0.783524904,0.191570881,0.009578544,0.004789272,0.009578544,0,0.000383142,0.000287356,0.000287356,0,0,0,0.796374237
0.784351145,0.186068702,0.009541985,0.009541985,0.009541985,0,0.000381679,0.00028626,0.00028626,0,0,0,0.800447305
0.785129968,0.174258193,0.009681011,0,0.009681011,0,0.00038724,0.00038724,0.000145215,0,0,0.020330122,0.806809999
0.78600504,0.193836015,0.009691801,0,0.009691801,0,0.000387672,0.000242295,0.000145377,0,0,0,0.80013064
0.786402596,0.18401046,0.009684761,0,0.009684761,0,0.00038739,0.009684761,0.000145271,0,0,0,0.805362455
0.7879312,0.182569424,0.009608917,0,0.009608917,0,0.000384357,0.009608917,0.000288268,0,0,0,0.80897889
0.788688292,0.190811684,0.009785215,0.009785215,0,0,0.000391409,0.00024463,0.000293556,0,0,0,0.806542474
0.789212207,0.160870594,0.014194464,0.02365744,0.009462976,0,0.000378519,0.002081855,0.000141945,0,0,0,0.820206738
0.790719697,0.118371212,0.004734848,0.075757576,0.009469697,0,0.000189394,0.000568182,0.000189394,0,0,0,0.831172704
0.791965567,0.181731229,0.009564802,0.004782401,0.009564802,0,0.000382592,0.000286944,0.000286944,0,0,0.00143472,0.81729432
0.792079208,0.172191132,0.009566174,0.015305878,0.009566174,0,0.000382647,0.000765294,0.000143493,0,0,0,0.821420205
0.792362768,0.181384248,0.009546539,0.00477327,0.009546539,0,0.000381862,0.000286396,0.000286396,0,0,0.001431981,0.818224741
0.79280348,0.187821273,0.004942665,0,0.00988533,0,0.000395413,0.00029656,0.003459866,0,0,0.000395413,0.816126995
0.793786113,0.161030596,0.009472388,0.02368097,0.009472388,0,0.000378896,0.001894478,0.000284172,0,0,0,0.828931761
0.795005005,0.166817597,0.014298651,0.009532434,0.009532434,0,0.000381297,0.004289595,0.000142987,0,0,0,0.829684077
0.79553653,0.173151845,0.009619547,0,0.009619547,0,0.000384782,0.011543456,0.000144293,0,0,0,0.827905975
0.795854331,0.171151469,0.014262622,0,0.014262622,0,0.000380337,0.000760673,0.003327945,0,0,0,0.8298292
0.796250664,0.130453689,0.004831618,0.062811035,0.004831618,0,0.000386529,0.000289897,0.000144949,0,0,0,0.840419079
0.796277047,0.123971277,0.019072504,0.04768126,0.004768126,0.007629002,0.00038145,0.000190725,2.86E-05,0,0,0,0.844912405
0.796320253,0.172488141,0.009582675,0,0.009582675,0,0.000383307,0.011499209,0.00014374,0,0,0,0.829726381
0.79701943,0.169779287,0.009432183,0.00565931,0.009432183,0.007074137,0.000377287,0.000943218,0.000282965,0,0,0,0.832296613
0.797177458,0.171641079,0.009535616,0,0.009535616,0,0.000381425,0.011442739,0.000286068,0,0,0,0.83176923
0.798236788,0.172488141,0.009582675,0,0.009582675,0,0.000383307,0.009582675,0.00014374,0,0,0,0.833543824
0.798403194,0.133067199,0.0095048,0.0522764,0.00570288,0,0.000285144,0.00047524,0.000285144,0,0,0,0.845390258
0.798722045,0.169141139,0.00939673,0.005638038,0.008457057,0.007047547,0.000375869,0.000939673,0.000281902,0,0,0,0.835891273
0.950270803,0.016740522,0.007877893,0.016740522,0.003938946,0,0.000344658,0.003741999,0.000344658,0,0,0,1.197230893
0.950296664,0.002918004,0.010699348,0.002918004,0.01459002,0.00243167,0.0002918,0.015562688,0.0002918,0,0,0,1.197980721
0.95039889,0,0.005946187,0.037659184,0.003468609,0,0.000346861,0.001783856,0.000396412,0,0,0,1.196449757
0.950798847,0.008794645,0.008794645,0.019543656,0.005863097,0.002931548,0.000293155,0.002736112,0.000244296,0,0,0,1.198632666
0.951202613,0.034643175,0.006928635,0,0.00395922,0,0.000247451,0.002672474,0.000346432,0,0,0,1.198617931
0.951225431,0.006794467,0.012618297,0.007765106,0.007765106,0.007279786,0.00024266,0.001164766,0.000291191,0,0.004853191,0,1.200182718
0.951296773,0.014848545,0.012868739,0.014848545,0.00346466,0,0.000296971,0.002078796,0.000296971,0,0,0,1.199918681
0.952101375,0,0.010763736,0.021527472,0,0.012720779,0.000440335,0.001957043,0.000489261,0,0,0,1.201504358
0.952239984,0.008880995,0.008880995,0.019735544,0.002960332,0.002466943,0.000246694,0.00434182,0.000246694,0,0,0,1.201962
0.952380952,0.013400335,0.010528835,0.006700168,0.007657334,0.005743001,0.001531467,0.00143575,0.000335008,0,0,0.00028715,1.202684941
0.952475052,0.009880447,0.009880447,0.006916313,0.01482067,0,0.000247011,0.00553305,0.000247011,0,0,0,1.203188202
0.952608904,0.013403542,0.010531355,0.006701771,0.007659167,0.005744375,0.001531833,0.001436094,0.000382958,0,0,0,1.203220394
0.95266214,0.026572188,0.006889086,0.005904931,0.00393662,0,0.000344454,0.003346127,0.000344454,0,0,0,1.202604016
0.952663307,0.014823599,0.00395296,0.020753039,0.00395296,0,0.000345884,0.003162368,0.000345884,0,0,0,1.202680747
0.95304417,0.032829288,0.005968961,0.002487067,0.00149224,0.002487067,0.000149224,0.00149224,4.97E-05,0,0,0,1.203050939
0.95322327,0.004913522,0.009827044,0,0.022602201,0.002456761,0.000294811,0.006387579,0.000294811,0,0,0,1.20543345
0.953419227,0.033696729,0.005946482,0,0.004955401,0,0.00024777,0.00148662,0.00024777,0,0,0,1.203903915
0.953423567,0.032842357,0.005971338,0.002488057,0.000995223,0.002488057,0.000199045,0.001492834,9.95E-05,0,0,0,1.20394014
0.953453086,0.019578092,0.007831237,0,0.004405071,0.002936714,0.000244726,0.010767951,0.000293671,0,0,0.000489452,1.204785368
0.953685137,0,0.007825109,0.029344158,0.005868832,0,0.000391255,0.002445347,0.000440162,0,0,0,1.204907115
0.954106872,0.003428515,0.006857031,0.019591517,0.007836607,0.004897879,0.00039183,0.00244894,0.000440809,0,0,0,1.206459067
0.954274354,0.032803181,0.005964215,0,0.004970179,0,0.000248509,0.001491054,0.000248509,0,0,0,1.205988777
0.954297776,0.019635757,0.007854303,0,0.003436257,0.002945364,0.000245447,0.010799666,0.000294536,0,0,0.000490894,1.206759447
0.954309706,0.024697456,0.007903186,0.002963695,0.004939491,0.002963695,0.000246975,0.001481847,9.88E-05,0,0,0.000395159,1.206657468
0.954565419,0.011712459,0.011712459,0,0.007320287,0.002928115,0.00024401,0.010736421,0.000292811,0,0,0.000488019,1.207841904
0.954675057,0.017697375,0.006882312,0,0.00393275,0,0.000245797,0.004424344,0.000344116,0,0,0.01179825,1.207682516
0.95479384,0.032786885,0.005961252,0,0.00496771,0,0.000248385,0.000993542,0.000248385,0,0,0,1.207214208
0.954836151,0.008923702,0.00793218,0.01983045,0.003470329,0,0.000347033,0.004263547,0.000396609,0,0,0,1.208053302
0.954967411,0.017776022,0.003950227,0.00296267,0.011850681,0.002468892,0.000296267,0.005431562,0.000296267,0,0,0,1.208623316
0.955309756,0.008928129,0.007936114,0.019840286,0.00347205,0,0.000148802,0.004265661,9.92E-05,0,0,0,1.209167798
0.955496085,0.010902964,0.009911785,0,0.017841213,0,0.000247795,0.005352364,0.000247795,0,0,0,1.210452019
0.955527068,0.00493048,0.00986096,0,0.022680209,0,0.000295829,0.006409624,0.000295829,0,0,0,1.210866837
0.955614605,0.017714792,0.006889086,0,0.00393662,0,0.000246039,0.003444543,0.000344454,0,0,0.011809861,1.209903813
0.955690704,0.008205425,0.015445506,0.006757409,0.005309393,0.005792065,0.00033787,0.001834154,0.00033787,0,0,0.000289603,1.210722993
0.955728023,0.010738517,0.009762288,0.004881144,0.007809831,0.004881144,0.000390492,0.005369259,0.000439303,0,0,0,1.210623358
0.955820512,0.027704942,0.007915698,0,0.005936773,0,0.000346312,0.001978924,0.000296839,0,0,0,1.210054499
0.955875253,0.00820701,0.015448489,0.006758714,0.005310418,0.005793183,0.000386212,0.001834508,0.000386212,0,0,0,1.211158163
0.956081081,0.003378378,0.017374517,0.008204633,0.006274131,0.005791506,0.000337838,0.002123552,0.000289575,0,0,0.000144788,1.211775793
0.956173376,0.003378705,0.017376195,0.008205425,0.006274737,0.005792065,0.000289603,0.002123757,0.000241336,0,0,0.000144802,1.211993365
0.956245417,0.00977756,0.008799804,0,0.016621853,0.001173307,0.000293327,0.006844292,0.000244439,0,0,0,1.212145248
0.95637503,0,0.014461316,0.010604965,0.00867679,0.003374307,0.000241022,0.001156905,0.000289226,0,0.004820439,0,1.212417043
0.956483058,0.003348193,0.017219278,0.008131326,0.006218073,0.005739759,0.000334819,0.001721928,0.000286988,0,0,0.000516578,1.212720194
0.95657277,0.009780908,0.008802817,0,0.016627543,0.000978091,0.000195618,0.006846635,0.000195618,0,0,0,1.212917832
0.956574567,0.003348513,0.017220925,0.008132104,0.006218667,0.005740308,0.000287015,0.001722093,0.00023918,0,0,0.000516628,1.212936003
0.956619553,0.010759525,0.009781386,0.004890693,0.007825109,0.004890693,0.000391255,0.004401624,0.000440162,0,0,0,1.212736896
0.956809974,0.024736556,0.007915698,0.002968387,0.002968387,0.002473656,0.000148419,0.001484193,9.89E-05,0,0,0.000395785,1.212530264
0.956853537,0.004891889,0.017610801,0.002935134,0.004891889,0.002445945,0.000293513,0.009783778,0.000293513,0,0,0,1.213567148
0.956885932,0.002956393,0.011825573,0.012811037,0.004927322,0.007883715,0.000295639,0.001675289,0.000246366,0,0,0.000492732,1.213306041
0.956900347,0.019568514,0.004402916,0,0.004402916,0.002935277,0.000244606,0.010762683,0.000293528,0,0,0.000489213,1.212853191
0.956947162,0.009784736,0.008806262,0,0.016634051,0.000587084,0.000195695,0.006849315,0.000195695,0,0,0,1.213802016
0.95696128,0.006379742,0.006870491,0.019629975,0.003925995,0.002944496,0.000245375,0.002257447,0.00029445,0,0,0.000490749,1.21310967
0.957168909,0.008871802,0.008871802,0.016757849,0.002957267,0.00246439,0.000246439,0.002267238,0.000394302,0,0,0,1.21371578
0.957211089,0.002954355,0.011817421,0.012802206,0.004923925,0.007878281,0.000246196,0.001674135,9.85E-05,0,0,0.000393914,1.214073483
0.957215373,0.002900653,0.016437032,0.007735074,0.005801305,0.00676819,0.000338409,0.001933768,0.000290065,0,0,0.000580131,1.214403624
0.957238133,0.008336603,0.009807768,0.00294233,0.005884661,0.002451942,0.000294233,0.012750098,0.000294233,0,0,0,1.214085465
0.957254959,0.003411805,0.017546425,0.004874007,0.007798411,0.004874007,0.000389921,0.003411805,0.000438661,0,0,0,1.21463556
0.957398931,0.003351399,0.017235766,0.008139112,0.005266484,0.005745255,0.00033514,0.001723577,0.000287263,0,0,0.000517073,1.21486819
0.957446809,0.011820331,0.008865248,0.014775414,0.002955083,0.002462569,0.000246257,0.001182033,0.000246257,0,0,0,1.214377946
0.957490615,0.00335172,0.017237417,0.008139891,0.005266988,0.005745806,0.00028729,0.001723742,0.000239409,0,0,0.000517123,1.215084617
0.957499751,0.025878372,0.005971932,0.003981288,0.00497661,0,0.000298597,0.000995322,9.95E-05,0,0,0.000298597,1.214073849
0.957544658,0.002904584,0.016459312,0.007745558,0.005809169,0.006777364,0.000242049,0.00193639,9.68E-05,0,0,0.000484097,1.215181526
0.9575632,0.002904641,0.01645963,0.007745708,0.005809281,0.006777495,0.000242053,0.001936427,7.75E-05,0,0,0.000484107,1.21522531
0.957637376,0.002904866,0.016460905,0.007746308,0.005809731,0.00677802,0.000193658,0.001936577,4.84E-05,0,0,0.000484144,1.215400456
0.957642726,0.001453911,0.012600562,0.010662014,0.007754192,0.003392459,0.000242319,0.001163129,0.000242319,0,0.00484637,0,1.215323667
0.957668286,0.024784376,0.007931,0,0.004956875,0.002974125,0.000198275,0.001387925,9.91E-05,0,0,0,1.21458098
0.957768845,0.024812664,0.008932559,0,0.005955039,0,0.000248127,0.001985013,0.000297752,0,0,0,1.214859514
0.958259847,0.024495395,0.005878895,0.003429355,0.003919263,0.002449539,0.000293945,0.000979816,0.000293945,0,0,0,1.215939899
0.958353748,0,0.008623224,0.025477707,0.004409603,0,0.000342969,0.00244978,0.000342969,0,0,0,1.216171117
0.958388343,0.014669209,0.009779473,0.001955895,0.005867684,0.003422816,0.000244487,0.000488974,0.000293384,0,0.004889736,0,1.216849854
0.958472742,0,0.020665223,0.001476087,0.007872466,0.004920291,0.000246015,0.00118087,0.000246015,0,0.004920291,0,1.217742685
0.958538993,0.026653504,0.006910168,0,0.003948667,0,0.000246792,0.003356367,0.000345508,0,0,0,1.216489216
0.958541605,0,0.008624914,0.025482701,0.004410468,0,0.000343036,0.002254239,0.000343036,0,0,0,1.216615937
0.958725706,0.032057704,0.006010819,0,0.001001803,0,0.000200361,0.001803246,0.000200361,0,0,0,1.216516827
0.958917445,0.019470405,0.006911994,0,0.007788162,0.002433801,0.000292056,0.003894081,0.000292056,0,0,0,1.217835782
0.958931222,0.004453241,0.009896091,0,0.019792182,0,0.000247402,0.006432459,0.000247402,0,0,0,1.218756208
0.958964554,0.007844291,0.007844291,0.0107859,0.005883218,0,0.000392215,0.001961073,0.000441241,0,0.005883218,0,1.218244254
0.95899862,0.016755372,0.007884881,0,0.00492805,0,0.000295683,0.010841711,0.000295683,0,0,0,1.218002976
0.95904487,0.014679258,0.007828938,0,0.005871703,0,0.000391447,0.001957234,0.000440378,0,0.009786172,0,1.218462751
0.959260897,0.014742739,0.007862794,0,0.005897096,0,0.00019657,0.002063983,0.000147427,0,0.009828493,0,1.218972516
0.959446093,0.004451039,0.009891197,0,0.019782394,0,0.00024728,0.005934718,0.00024728,0,0,0,1.219980934
0.9594568,0.014760874,0.006888408,0.001968117,0.006888408,0.003444204,0.000246015,0.00118087,0.000246015,0,0.004920291,0,1.21932813
0.959500941,0.003960788,0.00990197,0,0.019803941,0,0.000247549,0.006337261,0.000247549,0,0,0,1.220111001
0.959511378,0.005910748,0.013791745,0.002955374,0.004925623,0.002462812,0.000295537,0.009851246,0.000295537,0,0,0,1.219683664
0.959514368,0.006853674,0.009790963,0.006853674,0.00783277,0.004895481,0.000391639,0.003426837,0.000440593,0,0,0,1.219641477
0.959554767,0.004797774,0.016312431,0.009595548,0.004797774,0.002878664,0.000239889,0.001727199,9.60E-05,0,0,0,1.21990338
0.95959596,0.008912656,0.011883541,0.009902951,0.005941771,0,0.000495148,0.002673797,0.000594177,0,0,0,1.219790828
0.959619223,0.004798096,0.016313527,0.009596192,0.004798096,0.002878858,0.000191924,0.001727315,7.68E-05,0,0,0,1.220055886
0.95964685,0.004798234,0.016313996,0.009596468,0.004798234,0.002878941,0.000191929,0.001727364,4.80E-05,0,0,0,1.220121263
0.959810408,0.011849511,0.007899674,0.011849511,0.003949837,0,0.000345611,0.003949837,0.000345611,0,0,0,1.220038591
0.95982575,0.00338819,0.017424976,0.005324298,0.005324298,0.005808325,0.000338819,0.002129719,0.000290416,0,0,0.000145208,1.220657096
0.959826916,0.008850863,0.006884005,0.009834292,0.005900575,0,0.000393372,0.001966858,0.000442543,0,0.005900575,0,1.220270765
0.96,0.007852761,0.008834356,0,0.015705521,0.001177914,0.000294479,0.005889571,0.000245399,0,0,0,1.221036309
0.960087371,0.011914218,0.00694996,0.014892772,0.00347498,0,0.000297855,0.002084988,0.000297855,0,0,0,1.220583985
0.96010458,0.003389174,0.017430038,0.005325845,0.005325845,0.005810013,0.000290501,0.001936671,0.000242084,0,0,0.00014525,1.221318168
0.960157403,0.014756517,0.006886375,0.001967536,0.006886375,0.003443187,0.000245942,0.000491884,0.000245942,0,0.004918839,0,1.220987684
0.960194175,0.002912621,0.016504854,0.009708738,0.005825243,0.001941748,0.000242718,0.001941748,0.000145631,0,0,0.000582524,1.221457375
0.960261619,0.008918839,0.011891785,0.009909821,0.005945892,0,0.000198196,0.002675652,0.000198196,0,0,0,1.221365726
0.960282783,0.007855074,0.008836958,0,0.015710148,0.000981884,0.000245471,0.005891305,0.000196377,0,0,0,1.221706405
0.960385334,0.012778925,0.006880959,0,0.003931977,0,0.000245749,0.003637079,0.000344048,0,0,0.01179593,1.221357081
0.960493465,0.006853674,0.009790963,0.006853674,0.00783277,0.004895481,0.000391639,0.002447741,0.000440593,0,0,0,1.221966176
0.960532107,0.007825109,0.009781386,0.007825109,0.007825109,0.002934416,0.000293442,0.002738788,0.000244535,0,0,0,1.222038977
0.960660085,0.00785816,0.00884043,0,0.01571632,0.000589362,0.000245568,0.00589362,0.000196454,0,0,0,1.222600931
0.960949086,0.007909046,0.008897677,0,0.016806723,0,0.000247158,0.004943154,0.000247158,0,0,0,1.223342729
0.960981595,0.014723926,0.009815951,0.00196319,0.005889571,0,0.000245399,0.001177914,0.000294479,0,0.004907975,0,1.222998703
0.961,0.026,0.007,0,0.0045,0,0.0002,0.001,0.0001,0,0,0.0002,1.222375366
0.9610531,0.01484634,0.008907804,0.003959024,0.005938536,0.002969268,0.000197951,0.001979512,0.000148463,0,0,0,1.223085065
0.961166493,0,0.009919159,0,0.021822149,0,0.000347171,0.006348262,0.000396766,0,0,0,1.224178218
0.961309524,0.025793651,0.005952381,0,0.004960317,0,0.000248016,0.001488095,0.000248016,0,0,0,1.223109373
0.961327071,0.025981813,0.005995803,0,0.004996502,0,0.00029979,0.0009993,9.99E-05,0,0,0.00029979,1.223141398
0.96139551,0.005946776,0.006442341,0.019822588,0.003468953,0,0.000346895,0.002180485,0.000396452,0,0,0,1.223594446
0.961415581,0.014745638,0.005898255,0.002949128,0.009830425,0.002949128,0.000245761,0.001474564,9.83E-05,0,0,0.000393217,1.223979307
0.961449699,0.003365579,0.016347097,0.005288767,0.005288767,0.005769564,0.000336558,0.00153855,0.000288478,0,0,0.000326942,1.224462092
0.96154216,0.003365902,0.016348669,0.005289275,0.005289275,0.005770118,0.000288506,0.001538698,0.000240422,0,0,0.000326973,1.224681281
0.961681455,0,0.009914242,0,0.021811332,0,0.000346998,0.005849403,0.00039657,0,0,0,1.225405782
0.961719408,0.007923538,0.007923538,0,0.015847076,0,0.000346655,0.005843609,0.000396177,0,0,0,1.225097776
0.961792476,0.015654811,0.004402916,0,0.00342449,0.002935277,0.000244606,0.010762683,0.000293528,0,0,0.000489213,1.224585875
0.961835869,0.024943876,0.00598653,0.002494388,0.000997755,0.00199551,0.000149663,0.001496633,9.98E-05,0,0,0,1.224369143
0.961862308,0.007924715,0.007924715,0,0.01684002,0,0.000247647,0.004952947,0.000247647,0,0,0,1.225488342
0.961883856,0.024945121,0.005986829,0.002494512,0.000997805,0.00199561,0.000149671,0.001496707,4.99E-05,0,0,0,1.224482867
0.961894552,0.011694767,0.008771075,0,0.004872819,0.00243641,0.000292369,0.009745639,0.000292369,0,0,0,1.225076592
0.961990596,0.006367555,0.014694357,0.003918495,0.006367555,0.003918495,0.00039185,0.001861285,0.000489812,0,0,0,1.225697648
0.961995249,0.007917656,0.007917656,0,0.015835313,0,0.000247427,0.005839272,0.000247427,0,0,0,1.225751391
0.962008009,0.006836605,0.014649868,0.004883289,0.004883289,0.003906632,0.000390663,0.001953316,0.000488329,0,0,0,1.225698328
0.962032826,0.007909828,0.007909828,0,0.015819656,0,0.000247182,0.005833498,0.000247182,0,0,0,1.225839995
0.962165847,0.003408482,0.009738521,0.00486926,0.009738521,0.00486926,0.000389541,0.004382334,0.000438233,0,0,0,1.22602663
0.96222664,0.024850895,0.005964215,0,0.004970179,0,0.000248509,0.001491054,0.000248509,0,0,0,1.225343405
0.962326762,0.006831934,0.014639859,0.003903963,0.004879953,0.004879953,0.000390396,0.001659184,0.000487995,0,0,0,1.226455598
0.96257735,0.009822218,0.014733327,0.006875552,0.003928887,0,0.000245555,0.001669777,0.000147333,0,0,0,1.226971378
0.962630202,0.004936565,0.011847756,0.011847756,0.005923878,0,0.000246828,0.00227082,0.000296194,0,0,0,1.226997779
0.962655602,0,0.018550159,0,0.008786917,0.003417134,0.000244081,0.001171589,0.000292897,0,0.004881621,0,1.227583916
0.962705122,0.024863252,0.005967181,0,0.00497265,0,0.000248633,0.00099453,0.000248633,0,0,0,1.226479757
0.962867865,0.006419119,0.009875568,0.009875568,0.003456449,0.004937784,0.000296267,0.001975114,0.000296267,0,0,0,1.227484188
0.962966606,0,0.01475434,0.016721586,0.003442679,0,0.000245906,0.001770521,9.84E-05,0,0,0,1.227723844
0.963130915,0.014787066,0.006407729,0.002957413,0.007886435,0.002957413,0.000147871,0.001675868,4.93E-05,0,0,0,1.228012244
0.963139699,0.003408482,0.009738521,0.00486926,0.009738521,0.00486926,0.000389541,0.003408482,0.000438233,0,0,0,1.228347539
0.963345633,0.012792128,0.013776138,0,0.003936039,0.00295203,0.000246002,0.002164822,0.000295203,0,0,0.000492005,1.22872418
0.963486338,0.016799249,0.009881911,0,0.005929147,0,0.000247048,0.00335985,0.000296457,0,0,0,1.2288258
0.963523744,0.002949562,0.016714187,0.006882312,0.004915937,0.001966375,0.000245797,0.001966375,0.000245797,0,0,0.000589912,1.229407871
0.963618486,0.004916421,0.014749263,0.007866273,0.003933137,0.001966568,0.000344149,0.002261554,0.000344149,0,0,0,1.229508093
0.963879366,0.017886421,0.009936901,0,0.00596214,0,0.000248423,0.001788642,0.000298107,0,0,0,1.229725009
0.964057942,0.014831661,0.007910219,0.005932664,0.00395511,0,0.000247194,0.002471943,0.000296633,0,0,0.000296633,1.230156456
0.964068329,0.007853917,0.009817396,0.007853917,0.005890438,0,0.00049087,0.003436089,0.000589044,0,0,0,1.230402446
0.964138742,0.007348618,0.005878895,0.014697237,0.003919263,0.002449539,0.000293945,0.000979816,0.000293945,0,0,0,1.23029445
0.964235317,0.002919566,0.016544207,0.004865943,0.004865943,0.00340616,0.000340616,0.001946377,0.000291957,0,0,0.000583913,1.231111544
0.964324293,0.003375641,0.015431503,0.003375641,0.005304579,0.005786814,0.000337564,0.001446703,0.000289341,0,0,0.000327919,1.231271727
0.964417308,0.003375967,0.015432992,0.003375967,0.005305091,0.005787372,0.000289369,0.001446843,0.00024114,0,0,0.000327951,1.231492884
0.964652449,0.014810427,0.007898894,0,0.009873618,0,0.000394945,0.001974724,0.000394945,0,0,0,1.23171797
0.964681337,0,0.008941434,0.019869852,0.003477224,0,0.000347722,0.002285033,0.000397397,0,0,0,1.231485057
0.964799207,0,0.008924145,0,0.019831433,0,0.000247893,0.00594943,0.000247893,0,0,0,1.232684369
0.964818763,0.00339213,0.015506881,0.00339213,0.00436131,0.00581508,0.000339213,0.00193836,0.000290754,0,0,0.000145377,1.232436763
0.964894883,0.01586672,0.004462515,0,0.003470845,0,0.000247917,0.01090837,0.00014875,0,0,0,1.231954854
0.964912281,0.002923977,0.016569201,0.004873294,0.004873294,0.002923977,0.000243665,0.001949318,0.000146199,0,0,0.000584795,1.232726193
0.965081247,0.012841409,0.013829209,0,0.002963402,0.002469502,0.00024695,0.002173161,0.00039512,0,0,0,1.232846086
0.96509937,0.003393117,0.015511391,0.003393117,0.004362579,0.005816772,0.000290839,0.001745032,0.000242365,0,0,0.000145419,1.233105366
0.965252863,0.010812405,0.006880621,0,0.007863567,0.004914729,0.000393178,0.003440311,0.000442326,0,0,0,1.2331708
0.965321038,0.002943052,0.016677294,0.003924069,0.004905087,0.002943052,0.000294305,0.002158238,0.000343356,0,0,0.000490509,1.233712963
0.965342925,0.008263258,0.006805036,0.006805036,0.004374666,0.005832888,0.000388859,0.001555437,0.000340252,0,0,0.000291644,1.233333339
0.965452611,0.002928572,0.016595242,0.004880954,0.004880954,0.002928572,0.000244048,0.001757143,9.76E-05,0,0,0.000234286,1.234014318
0.965471461,0.002928629,0.016595566,0.004881049,0.004881049,0.002928629,0.000244052,0.001757178,7.81E-05,0,0,0.00023429,1.234059199
0.965524015,0.007857774,0.008839996,0.007857774,0.005893331,0,0.000491111,0.002946665,0.000589333,0,0,0,1.233846648
0.965530559,0.002896592,0.014482958,0.002896592,0.005310418,0.005793183,0.000434489,0.00222072,0.000434489,0,0,0,1.234110977
0.965540771,0.003411805,0.009748014,0.004874007,0.007798411,0.004874007,0.000389921,0.002924404,0.000438661,0,0,0,1.234018683
0.965546867,0.002928858,0.016596862,0.00488143,0.00488143,0.002928858,0.000195257,0.001757315,4.88E-05,0,0,0.000234309,1.234238733
0.965551181,0.011811024,0.008858268,0.002952756,0.003937008,0.002952756,0.000344488,0.002854331,0.000344488,0,0,0.000393701,1.233846811
0.965577596,0.008265266,0.00680669,0.00680669,0.004375729,0.005834306,0.000388954,0.001555815,0.000388954,0,0,0,1.233892081
0.965964981,0.006295495,0.014755066,0,0.009836711,0,0.000344285,0.002459178,0.000344285,0,0,0,1.235251431
0.965985197,0.002933153,0.016621203,0.002933153,0.005866307,0.002933153,0.000244429,0.002150979,9.78E-05,0,0,0.000234652,1.235313422
0.966302055,0.006867121,0.009810173,0.006867121,0.003924069,0.002943052,0.000245254,0.00225634,0.000294305,0,0,0.000490509,1.235727022
0.966583001,0.010827304,0.012795905,0,0.003937202,0.002952901,0.000246075,0.001870171,0.00029529,0,0,0.00049215,1.236453486
0.966671619,0.005942653,0.009904422,0.006933096,0.003466548,0,0.000346655,0.00633883,0.000396177,0,0,0,1.236587194
0.966686496,0.019829467,0.006940313,0,0.003965893,0,0.000297442,0.001982947,0.000297442,0,0,0,1.236228272
0.966725733,0.006300453,0.014766686,0,0.009844458,0,0.000344556,0.001673558,0.000344556,0,0,0,1.237068631
0.966815255,0,0.007924715,0,0.019811788,0,0.000247647,0.004952947,0.000247647,0,0,0,1.237477056
0.966865834,0.014814083,0.009876056,0,0.005925633,0,0.000246901,0.001975211,0.000296282,0,0,0,1.23695475
0.966933622,0.011791873,0.008843905,0,0.003930624,0.002947968,0.000245664,0.004520218,0.000294797,0,0,0.000491328,1.237136037
0.967074132,0.003943218,0.016758675,0.003943218,0.003450315,0,0.000345032,0.004140379,0.000345032,0,0,0,1.237864784
0.967150572,0.005945598,0.00990933,0.006936531,0.003468265,0,0.000346827,0.005846504,0.000396373,0,0,0,1.237736506
0.967167722,0.011867089,0.010878165,0,0.003955696,0,0.000346123,0.005439082,0.000346123,0,0,0,1.237741595
0.967230967,0.011880012,0.010890011,0,0.003960004,0,0.0002475,0.005544006,0.0002475,0,0,0,1.237890842
0.967230967,0.014850015,0.005940006,0,0.00990001,0,0.000297,0.001485001,0.000297,0,0,0,1.237827001
0.967261905,0.014880952,0.007936508,0,0.003968254,0,0.000248016,0.002380952,0.000347222,0,0,0.00297619,1.237817205
0.967277422,0,0.006455137,0.019861959,0.003475843,0,0.000347584,0.002184816,0.000397239,0,0,0,1.237622203
0.967324711,0,0.017504619,0.007099096,0.005445882,0,0.000340368,0.001944958,0.000340368,0,0,0,1.238508437
0.967326733,0.014851485,0.005940594,0,0.00990099,0,0.000247525,0.001485149,0.000247525,0,0,0,1.238055315
0.967373492,0.005462581,0.008938769,0.011918359,0.003476188,0,0.000347619,0.002085713,0.000397279,0,0,0,1.238173449
0.967407919,0.011833736,0.009861447,0,0.005916868,0,0.000246536,0.004437651,0.000295843,0,0,0,1.238325407
0.96750112,0.014930573,0.008958344,0,0.005972229,0,0.00034838,0.001990743,0.000298611,0,0,0,1.238444877
0.967565688,0.014900909,0.008940545,0,0.005960364,0,0.000347688,0.001986788,0.000298018,0,0,0,1.238599457
0.967646186,0.006431186,0.012862373,0.006925893,0.003462946,0,0.000296824,0.002077768,0.000296824,0,0,0,1.239031028
0.967661815,0,0.006457702,0.019869852,0.003477224,0,0.000347722,0.001788287,0.000397397,0,0,0,1.23854078
0.967678554,0.003929659,0.016701051,0.003929659,0.003929659,0,0.000343845,0.003143727,0.000343845,0,0,0,1.239317686
0.967710082,0.011849511,0.008887133,0,0.003949837,0.002468648,0.000345611,0.004443567,0.000345611,0,0,0,1.238991909
0.967741935,0.002932551,0.016617791,0.002932551,0.004887586,0.001955034,0.000244379,0.001955034,0.000146628,0,0,0.00058651,1.239494929
0.967748241,0.002931978,0.013682565,0.003909304,0.005863956,0.002931978,0.000293198,0.002443315,0.000195465,0,0,0,1.239396977
0.967789237,0,0.016618603,0.008309302,0.004887824,0,0.000244391,0.001564104,9.78E-05,0,0,0.000488782,1.239550443
0.967866822,0,0.017421603,0,0.005807201,0.005807201,0.000387147,0.00232288,0.000387147,0,0,0,1.239821899
0.967868339,0,0.015673981,0.007836991,0.005877743,0,0.000195925,0.002253135,0.000293887,0,0,0,1.239721263
0.968024529,0.003406823,0.005840269,0.004866891,0.009733781,0.004866891,0.000389351,0.002433445,0.00043802,0,0,0,1.239909661
0.968031189,0.002923977,0.013645224,0.003898635,0.005847953,0.002923977,0.000292398,0.002241715,0.000194932,0,0,0,1.240072135
0.968043724,0.006893495,0.009847851,0.006893495,0.002954355,0.002461963,0.000246196,0.002265006,0.000393914,0,0,0,1.239875829
0.968061892,0,0.014878,0.009918667,0.003967467,0,0.000347153,0.002479667,0.000347153,0,0,0,1.240083307
0.968185389,0.001472899,0.0072663,0.001963865,0.00392773,0.001963865,0.000245483,0.014728987,0.000245483,0,0,0,1.240018992
0.968186743,0.006894514,0.009849306,0.006894514,0.002954792,0.002462326,0.000246233,0.00226534,0.000246233,0,0,0,1.24021711
0.968237451,0.005946187,0.009910312,0.006937218,0.003468609,0,0.000346861,0.00475695,0.000396412,0,0,0,1.240344103
0.968331604,0.010869028,0.012845215,0,0.00296428,0.002470234,0.000247023,0.001877378,0.000395237,0,0,0,1.240620463
0.968373641,0.001468716,0.007147753,0.001958288,0.003916577,0.001958288,0.000244786,0.014687163,0.000244786,0,0,0,1.240467815
0.968423092,0.00290585,0.013560635,0.003874467,0.00290585,0.003874467,0.000339016,0.003002712,0.000339016,0,0,0.000774893,1.240960027
0.968429208,0,0.016463297,0,0.005810575,0.005810575,0.000435793,0.002614759,0.000435793,0,0,0,1.241122699
0.968506269,0.010859907,0.012834436,0,0.002961793,0.002468161,0.000246816,0.001875802,0.000246816,0,0,0,1.241037322
0.968542225,0.014885383,0.006450332,0,0.007938871,0,0.00024809,0.00168701,0.00024809,0,0,0,1.240918862
0.968556573,0.005942065,0.009903441,0.006932409,0.003466205,0,0.00034662,0.004456549,0.000396138,0,0,0,1.241109464
0.968556573,0.01188413,0.010893786,0,0.003466205,0,0.000148552,0.004951721,9.90E-05,0,0,0,1.24105747
0.968591494,0,0.012680453,0.001950839,0.006827936,0.003413968,0.000243855,0.001170503,0.000243855,0,0.004877097,0,1.241448491
0.968601896,0.011848341,0.009873618,0,0.002962085,0.002468404,0.00024684,0.003751975,0.00024684,0,0,0,1.241142116
0.968625425,0.002924005,0.014620026,0.004873342,0.003898673,0.002924005,0.000243667,0.001559469,9.75E-05,0,0,0.00023392,1.241494008
0.968644307,0.002924062,0.014620311,0.004873437,0.003898749,0.002924062,0.000243672,0.0015595,7.80E-05,0,0,0.000233925,1.241539111
0.968714476,0.01186181,0.008896357,0,0.002965452,0.00247121,0.000247121,0.004448179,0.000395394,0,0,0,1.241381085
0.968717466,0.005949135,0.009915225,0.006940657,0.003470329,0,0.000347033,0.004263547,0.000396609,0,0,0,1.24149589
0.968719843,0.00292429,0.014621451,0.004873817,0.003899054,0.00292429,0.000194953,0.001559621,4.87E-05,0,0,0.000233943,1.241719532
0.968745371,0.011850096,0.008887572,0,0.002962524,0.00246877,0.000246877,0.004443786,0.000395003,0,0,0,1.241455072
0.968745371,0.01481262,0.007900064,0,0.005925048,0,0.000345628,0.001975016,0.000296252,0,0,0,1.241396751
0.968748452,0.005943242,0.009905403,0.006933782,0.003466891,0,0.000346689,0.004259323,0.000396216,0,0,0,1.241569883
0.968804495,0,0.016469676,0,0.005812827,0.005812827,0.000387522,0.002325131,0.000387522,0,0,0,1.242020933
0.968807876,0,0.016570816,0.007115703,0.004386392,0,0.000341164,0.002436885,0.000341164,0,0,0,1.241993686
0.968898363,0,0.016471272,0,0.00581339,0.00581339,0.000339114,0.002325356,0.000339114,0,0,0,1.24224515
0.968940407,0.011888839,0.009907366,0,0.003467578,0,0.000346758,0.005052757,0.000396295,0,0,0,1.241947949
0.969036413,0.005945009,0.009908348,0.006935843,0.003467922,0,0.000346792,0.003963339,0.000396334,0,0,0,1.242260843
0.969039198,0.002907118,0.014535588,0.004845196,0.003876157,0.002907118,0.00024226,0.001550463,9.69E-05,0,0,0,1.242479882
0.969079375,0.011988611,0.007492882,0.001998102,0.003996204,0.001998102,0.00019981,0.002297817,0.000149858,0,0,0.000799241,1.242244184
0.96908856,0.014909055,0.006957559,0,0.003975748,0,0.000248484,0.004472716,0.000347878,0,0,0,1.242152175
0.969104935,0.002907315,0.014536574,0.004845525,0.00387642,0.002907315,0.000193821,0.001550568,7.75E-05,0,0,0,1.242636958
0.969123947,0.011818585,0.008863939,0,0.003939528,0.002954646,0.000246221,0.002265229,0.000295465,0,0,0.000492441,1.242382634
0.96913311,0.002907399,0.014536997,0.004845666,0.003876532,0.002907399,0.000193827,0.001550613,4.85E-05,0,0,0,1.242704294
0.969154327,0.011806956,0.008855217,0,0.003935652,0.002951739,0.000245978,0.002263,0.000295174,0,0,0.000491957,1.242455374
0.969275249,0,0.009800559,0,0.009800559,0.004900279,0.000392022,0.005390307,0.000441025,0,0,0,1.242989457
0.969324545,0.005451212,0.006937906,0.011893553,0.003468953,0,0.000346895,0.002180485,0.000396452,0,0,0,1.242793067
0.96933729,0.011869436,0.008902077,0,0.002967359,0.002472799,0.00024728,0.003956479,0.00024728,0,0,0,1.242874079
0.969372584,0.009911785,0.009911785,0,0.003964714,0,0.000247795,0.006343542,0.000247795,0,0,0,1.243020177
0.969402911,0.00990197,0.00990197,0,0.003960788,0,0.000247549,0.006337261,0.000247549,0,0,0,1.243092726
0.969433178,0.009892175,0.009892175,0,0.00395687,0,0.000247304,0.006330992,0.000247304,0,0,0,1.243165133
0.969534584,0,0.007938871,0,0.017862459,0,0.00024809,0.004167907,0.00024809,0,0,0,1.2438873
0.969550039,0.002909232,0.013576416,0.002909232,0.003878976,0.002909232,0.000242436,0.001939488,0.000145462,0,0,0.001939488,1.243679756
0.969601419,0.011824408,0.008868306,0,0.003941469,0.002956102,0.000246342,0.001773661,0.00029561,0,0,0.000492684,1.243526252
0.969602948,0,0.011635235,0,0.005817618,0,0.000387841,0.002424007,0.000436321,0,0.009696029,0,1.243918644
0.969666832,0,0.017901542,0,0.010939831,0,0.000248633,0.00099453,0.000248633,0,0,0,1.244295241
0.969678924,0.010917572,0.009925066,0,0.003473773,0,0.000347377,0.005260285,0.000397003,0,0,0,1.243738187
0.969792539,0.011826738,0.009855615,0,0.003449465,0.002956685,0.00024639,0.001774011,9.86E-05,0,0,0,1.244001656
0.969840331,0.005913661,0.00394244,0.00197122,0.00394244,0.00197122,0.000295683,0.011827321,0.000295683,0,0,0,1.243981917
0.969883099,0,0.015851001,0.0079255,0.00396275,0,0.000247672,0.001981375,0.000148603,0,0,0,1.244517749
0.969942654,0.009887285,0.009887285,0,0.003954914,0,0.000247182,0.005833498,0.000247182,0,0,0,1.244390713
0.969967734,0.010920824,0.009928022,0,0.003474808,0,0.000347481,0.004964011,0.000397121,0,0,0,1.244432546
0.969972343,0.011853023,0.008889767,0,0.002963256,0.00246938,0.000246938,0.003358356,0.000246938,0,0,0,1.244398013
0.970016089,0.00292526,0.013651212,0.00292526,0.003900346,0.003412803,0.00034128,0.001950173,0.000292526,0,0,0.000585052,1.24479705
0.970027141,0.002939476,0.014697381,0.002939476,0.003919302,0.002939476,0.000244956,0.001959651,9.80E-05,0,0,0.000235158,1.244863877
0.970068162,0.011854193,0.008890645,0,0.003951398,0.002469624,0.000345747,0.002074484,0.000345747,0,0,0,1.244644341
0.970090516,0.002951594,0.011806375,0.003935458,0.005903188,0.002951594,0.000196773,0.001967729,0.000196773,0,0,0,1.244936442
0.970134494,0.011867089,0.008900316,0,0.003955696,0,0.000346123,0.004450158,0.000346123,0,0,0,1.244791294
0.970145571,0.011843079,0.007895386,0,0.00592154,0,0.000246731,0.003651616,0.000296077,0,0,0,1.244829488
0.970160369,0.010922993,0.009929994,0,0.003475498,0,0.00034755,0.004766397,0.0003972,0,0,0,1.244895677
0.970196887,0.009819807,0.009819807,0,0.003927923,0.002945942,0.000245495,0.002258556,0.000294594,0,0,0.00049099,1.245023253
0.97020097,0.011880012,0.007920008,0,0.003960004,0,0.0003465,0.005346005,0.0003465,0,0,0,1.244918832
0.970278423,0.011868849,0.008901637,0,0.002967212,0.002472677,0.000247268,0.002868305,0.000395628,0,0,0,1.245133857
0.970302795,0.002911491,0.011645963,0.003881988,0.002911491,0.003881988,0.000339674,0.00300854,0.000339674,0,0,0.000776398,1.245393139
0.970310657,0.002949273,0.014746363,0.002949273,0.003932363,0.002949273,0.000147464,0.001966182,4.92E-05,0,0,0,1.245543761
0.970355731,0.008893281,0.009881423,0,0.003952569,0,0.000247036,0.006422925,0.000247036,0,0,0,1.24539278
0.970388136,0,0.014683569,0.007831237,0.004894523,0,0.000244726,0.001370466,9.79E-05,0,0,0.000489452,1.245696102
0.970435124,0.012768883,0.003928887,0.004911109,0.003928887,0.002455554,0.000294667,0.000982222,0.000294667,0,0,0,1.245390229
0.970478789,0.005953858,0.009923096,0.006946167,0.003473084,0,0.000347308,0.002480774,0.000396924,0,0,0,1.245721643
0.970478789,0.010915406,0.009923096,0,0.003473084,0,0.000347308,0.004465393,0.000396924,0,0,0,1.245660944
0.970496894,0.002911491,0.01552795,0.002911491,0.005337733,0,0.000339674,0.002135093,0.000339674,0,0,0,1.246045282
0.970508055,0.011895911,0.009913259,0,0.003469641,0,0.000148699,0.003965304,9.91E-05,0,0,0,1.245708024
0.970516581,0.008949436,0.009943817,0,0.003480336,0,0.000348034,0.006364043,0.000397753,0,0,0,1.245774749
0.970530452,0.003929273,0.014734774,0.003929273,0.003929273,0,0.000343811,0.002259332,0.000343811,0,0,0,1.246062067
0.970535537,0.011945053,0.008461079,0,0.003981684,0,0.000248855,0.004379853,0.000298626,0,0,0.000149313,1.245740007
0.970538271,0,0.016502451,0.004853662,0.005824395,0,0.000242683,0.001553172,9.71E-05,0,0,0.000388293,1.246183593
0.970547539,0.011860051,0.008895039,0,0.00395335,0,0.000345918,0.004052184,0.000345918,0,0,0,1.245783775
0.970556161,0.007931,0.010905125,0,0.007931,0,0.000297413,0.002081888,0.000297413,0,0,0,1.246022446
0.9705751,0.008931673,0.009924081,0,0.003473428,0,0.000347343,0.006351412,0.000396963,0,0,0,1.245914835
0.970576619,0.012835703,0.007898894,0,0.005924171,0,0.000394945,0.001974724,0.000394945,0,0,0,1.245842564
0.970594079,0.010927876,0.008940989,0,0.003477051,0,0.000397377,0.005265249,0.000397377,0,0,0,1.245904148
0.970595503,0.011860638,0.007907092,0,0.003459353,0.002965159,0.000247097,0.002866321,9.88E-05,0,0,0,1.245872631
0.970632494,0,0.016504053,0.004854133,0.00582496,0,0.000194165,0.001553323,4.85E-05,0,0,0.000388331,1.246409117
0.970642293,0.010928419,0.008941434,0,0.003477224,0,0.000347722,0.005265511,0.000397397,0,0,0,1.246019484
0.970671431,0.010917572,0.009925066,0,0.003473773,0,0.000347377,0.004267778,0.000397003,0,0,0,1.246124088
0.970679612,0.002912621,0.011650485,0.003883495,0.002912621,0.003883495,0.000339806,0.002621359,0.000339806,0,0,0.000776699,1.24629763
0.970700511,0.005949135,0.008923702,0.006940657,0.003470329,0,0.000347033,0.003272024,0.000396609,0,0,0,1.24622357
0.970744811,0.002930403,0.013675214,0.002930403,0.003907204,0.002930403,0.0002442,0.001953602,9.77E-05,0,0,0.000586081,1.246545035
0.970835197,0.010930591,0.008943211,0,0.003477915,0,0.000198738,0.005266557,0.000347792,0,0,0,1.246481037
0.970864149,0.008934333,0.009927036,0,0.003474463,0,0.000347446,0.006055492,0.000397081,0,0,0,1.246611224
0.97086813,0.002913187,0.011652748,0.003884249,0.002913187,0.003884249,0.000339872,0.002427656,0.000339872,0,0,0.00077685,1.246750131
0.970893548,0.004070832,0.005088541,0,0.005088541,0,0.000305312,0.014247914,0.000305312,0,0,0,1.246481872
0.970902613,0.011876485,0.008907363,0,0.003958828,0,0.000346397,0.003661916,0.000346397,0,0,0,1.246637208
0.970912144,0.011852437,0.007901625,0,0.005926219,0,0.000246926,0.002864339,0.000296311,0,0,0,1.246670168
0.970931382,0.011864742,0.008898556,0,0.003954914,0,0.000346055,0.003658295,0.000346055,0,0,0,1.246706227
0.971015196,0,0.009710152,0,0.005826091,0,0.000388406,0.002913046,0.000436957,0,0.009710152,0,1.247244029
0.971018083,0.005945009,0.008917513,0.006935843,0.003467922,0,0.000346792,0.002972504,0.000396334,0,0,0,1.246986083
0.971029675,0.002937174,0.013706811,0.002937174,0.003916232,0.002937174,0.000244764,0.001958116,9.79E-05,0,0,0.000234974,1.24722832
0.971037493,0,0.014878,0.006943067,0.003967467,0,0.000347153,0.002479667,0.000347153,0,0,0,1.247258711
0.971075402,0.011866502,0.008899876,0,0.002966625,0.002472188,0.000247219,0.002076638,0.00039555,0,0,0,1.247046205
0.971210545,0.005946187,0.008919281,0.006937218,0.003468609,0,0.000346861,0.002774887,0.000396412,0,0,0,1.247448334
0.971392491,0.002914177,0.013599495,0.002914177,0.00388557,0.002914177,0.000242848,0.001942785,0.000194278,0,0,0,1.248093929
0.97148132,0,0.016518486,0.004858378,0.004858378,0,0.000242919,0.001554681,9.72E-05,0,0,0.00038867,1.248429332
0.971486861,0,0.006800408,0,0.005828921,0.002914461,0.000388595,0.002428717,0.000437169,0,0.009714869,0,1.248307224
0.97149938,0.005947955,0.008921933,0.006939281,0.003469641,0,0.000346964,0.002478315,0.00039653,0,0,0,1.248142045
0.971547402,0,0.01651961,0.004858709,0.004858709,0,0.000194348,0.001554787,7.77E-05,0,0,0.000388697,1.248587644
0.971575725,0,0.016520091,0.00485885,0.00485885,0,0.000194354,0.001554832,4.86E-05,0,0,0.000388708,1.248655511
0.971655941,0.007368473,0.010807093,0,0.003929852,0.002947389,0.000245616,0.002259665,0.000294739,0,0,0.000491232,1.248593313
0.971671949,0,0.004952456,0.002971474,0.011885895,0.002476228,0.000297147,0.005447702,0.000297147,0,0,0,1.248702287
0.971683761,0.007361241,0.010796486,0,0.003925995,0.002944496,0.000245375,0.002257447,0.00029445,0,0,0.000490749,1.248659809
0.971692033,0.005453374,0.009915225,0.00396609,0.003470329,0,0.000347033,0.004759308,0.000396609,0,0,0,1.248653224
0.971692033,0.005949135,0.008923702,0.006940657,0.003470329,0,0.000347033,0.002280502,0.000396609,0,0,0,1.248604742
0.971720073,0.004952702,0.009905403,0.005943242,0.003466891,0,0.000346689,0.003268783,0.000396216,0,0,0,1.248717158
0.971755876,0,0.014813352,0.003950227,0.005925341,0,0.000493778,0.002468892,0.000592534,0,0,0,1.249041577
0.971824024,0.011863569,0.008897677,0,0.002965892,0.002471577,0.000247158,0.001482946,0.000247158,0,0,0,1.248841911
0.971842002,0.002933125,0.013687916,0.002933125,0.003910833,0.001955417,0.000244427,0.001759875,0.000146656,0,0,0.000586625,1.249179926
0.971935007,0.006893156,0.005908419,0.007877893,0.00295421,0.002461841,0.000246184,0.001477105,0.000246184,0,0,0,1.249091723
0.971953338,0.010920824,0.00893522,0,0.003474808,0,0.000347481,0.003971209,0.000397121,0,0,0,1.249174139
0.971953531,0,0.016526515,0.002916444,0.005832888,0,0.000340252,0.001555437,0.000291644,0,0,0.000583289,1.249592451
0.972008918,0.005945009,0.008917513,0.006935843,0.003467922,0,0.000346792,0.00198167,0.000396334,0,0,0,1.249365648
0.972049844,0.008936107,0.008936107,0,0.003475153,0,0.000347515,0.005858114,0.00039716,0,0,0,1.249431175
0.972058245,0.003935458,0.008854782,0.003935458,0.003935458,0,0.000442739,0.00639512,0.000442739,0,0,0,1.24950602
0.972064277,0.011866502,0.008899876,0,0.003461063,0,0.000148331,0.003461063,9.89E-05,0,0,0,1.249416933
0.972118682,0,0.018885741,0,0.003478952,0,0.000347895,0.004771135,0.000397595,0,0,0,1.250050173
0.972201576,0.005946187,0.008919281,0.006937218,0.003468609,0,0.000346861,0.001783856,0.000396412,0,0,0,1.249828358
0.972249557,0.003936233,0.008856524,0.003936233,0.003936233,0,0.00034442,0.006396379,0.00034442,0,0,0,1.249964425
0.972284353,0.002917437,0.011669746,0.002917437,0.003403676,0.002917437,0.00024312,0.001555966,0.000145872,0,0,0.001944958,1.250163536
0.972359329,0.0029615,0.014807502,0,0.0029615,0.002467917,0.000246792,0.003948667,0.000246792,0,0,0,1.250443877
0.972530453,0,0.017754106,0,0.005918035,0,0.000345219,0.003156285,0.000295902,0,0,0,1.251030214
0.972563674,0.003933523,0.008850428,0.003933523,0.003933523,0,0.000442521,0.005900285,0.000442521,0,0,0,1.250725178
0.972629278,0,0.01887636,0,0.003477224,0,0.000347722,0.004272018,0.000397397,0,0,0,1.251279486
0.972656444,0.008932559,0.008932559,0,0.003473773,0,0.000347377,0.005260285,0.000397003,0,0,0,1.250893705
0.972683556,0.010906747,0.008923702,0,0.003470329,0,0.000347033,0.003272024,0.000396609,0,0,0,1.250931131
0.972710026,0,0.015566474,0.004864523,0.004864523,0,0.000243226,0.001362066,9.73E-05,0,0,0.000291871,1.251337539
0.972754992,0.003934297,0.008852169,0.003934297,0.003934297,0,0.000344251,0.005901446,0.000344251,0,0,0,1.251183837
0.972776275,0,0.015567534,0.004864854,0.004864854,0,0.000194594,0.001362159,7.78E-05,0,0,0.000291891,1.251496447
0.97280467,0,0.015567988,0.004864996,0.004864996,0,0.0001946,0.001362199,4.86E-05,0,0,0.0002919,1.25156457
0.972840714,0.002936139,0.011744556,0,0.003425495,0.001174456,0.000293614,0.007340347,0.000244678,0,0,0,1.251460518
0.972857282,0.002918572,0.013620002,0.002918572,0.005350715,0,0.0003405,0.001653857,0.0003405,0,0,0,1.251634223
0.972899333,0,0.016542597,0.002919282,0.00486547,0,0.000340583,0.00155695,0.000291928,0,0,0.000583856,1.251848088
0.973026479,0.00494927,0.00989854,0.005939124,0.003464489,0,0.000346449,0.001979708,0.000395942,0,0,0,1.251857634
0.973042109,0.003935458,0.008854782,0.003935458,0.003935458,0,0.000442739,0.005411255,0.000442739,0,0,0,1.251879672
0.973112668,0,0.018885741,0,0.003478952,0,0.000347895,0.003777148,0.000397595,0,0,0,1.252444412
0.973129636,0,0.007859704,0,0.005894778,0,0.000392985,0.002456158,0.000442108,0,0.00982463,0,1.252278717
0.973139367,0.008936994,0.008936994,0,0.003475498,0,0.00034755,0.004766397,0.0003972,0,0,0,1.252058302
0.973166014,0.010912157,0.007936114,0,0.00347205,0,0.000347205,0.003769654,0.000396806,0,0,0,1.252063544
0.973174075,0.002937145,0.01174858,0,0.003426669,0.000979048,0.00019581,0.007342863,0.00019581,0,0,0,1.252260807
0.973175913,0.009879959,0.008891963,0,0.002963988,0.00246999,0.000246999,0.001975992,0.000395198,0,0,0,1.252134665
0.973346496,0.009871668,0.008884501,0,0.0029615,0.002467917,0.000246792,0.001974334,0.000246792,0,0,0,1.252543949
0.973402933,0,0.017897092,0,0.00347999,0,0.000149142,0.004971414,9.94E-05,0,0,0,1.253082971
0.973411893,0,0.017824429,0,0.005941476,0,0.000198049,0.002475615,0.000148537,0,0,0,1.253152817
0.973446968,0.005911621,0.008867432,0,0.002955811,0.001182324,0.000295581,0.007093946,0.000246318,0,0,0,1.252810316
0.973459113,0.002932695,0.011730779,0.002932695,0.003421477,0.002932695,0.000244391,0.00166186,9.78E-05,0,0,0.000586539,1.252986957
0.973460091,0.005446623,0.011883541,0,0.002970885,0.002475738,0.000247574,0.003267974,0.000247574,0,0,0,1.252968609
0.973552325,0.005954448,0.009924081,0,0.003473428,0,0.000347343,0.006351412,0.000396963,0,0,0,1.253105359
0.973622771,0,0.01887636,0,0.003477224,0,0.000347722,0.003278526,0.000397397,0,0,0,1.253672564
0.97364895,0.008932559,0.008932559,0,0.003473773,0,0.000347377,0.004267778,0.000397003,0,0,0,1.253286893
0.973649474,0.002933268,0.011733073,0.002933268,0.003422146,0.002933268,0.000244439,0.001466634,9.78E-05,0,0,0.000586654,1.253444732
0.973704714,0.002921698,0.008765095,0.003895598,0.002921698,0.003895598,0.000340865,0.002434749,0.000340865,0,0,0.00077912,1.253477532
0.973734785,0.005913369,0.008870054,0,0.002956685,0.000985562,0.00024639,0.007096043,0.000197112,0,0,0,1.253501716
0.973845898,0.002939764,0.011759057,0.002939764,0.003429725,0.002939764,0.00024498,0.001567874,9.80E-05,0,0,0.000235181,1.253916992
0.973871734,0.012866192,0.005938242,0,0.004948535,0,0.000445368,0.001484561,0.000445368,0,0,0,1.253696384
0.973933533,0,0.010799666,0,0.003927151,0.002945364,0.000245447,0.007363409,0.000294536,0,0,0.000490894,1.254062584
0.973989284,0.002922552,0.008767657,0.003896736,0.002922552,0.003896736,0.000340964,0.002143205,0.000340964,0,0,0.000779347,1.254162527
0.974118807,0.005915701,0.008873552,0,0.002957851,0.00059157,0.000246488,0.007098842,0.00019719,0,0,0,1.254424681
0.974136671,0.00292241,0.01168964,0.00292241,0.003409478,0.00292241,0.000243534,0.001558619,0.000194827,0,0,0,1.254613645
0.974160974,0.012870013,0.006039006,0,0.004950005,0,0.0002475,0.001485001,0.0002475,0,0,0,1.25439208
0.974326497,0,0.006820285,0,0.005845959,0,0.000389731,0.002435816,0.000438447,0,0.009743265,0,1.255130929
0.974386707,0,0.01179883,0,0.003932943,0.002949707,0.000245809,0.005899415,0.000294971,0,0,0.000491618,1.255202904
0.974448028,0.009923096,0.007938477,0,0.003473084,0,0.000347308,0.003473084,0.000396924,0,0,0,1.255169927
0.974525425,0.003934297,0.007868594,0.003934297,0.003934297,0,0.000442608,0.004917872,0.000442608,0,0,0,1.255427173
0.974530436,0,0.012783951,0,0.003441833,0,0.000393352,0.008358737,0.00049169,0,0,0,1.255541738
0.974596519,0.001462772,0.014627724,0.001950363,0.002925545,0.001950363,0.000195036,0.001365254,0.000146277,0,0,0.000780145,1.255829447
0.974639483,0,0.016907011,0,0,0,0.000397812,0.004773744,0.003281949,0,0,0,1.256011129
0.974641457,0.005955039,0.009925066,0,0.003473773,0,0.000347377,0.005260285,0.000397003,0,0,0,1.255736917
0.974643423,0.011885895,0.005942948,0,0.003466719,0,0.000346672,0.00336767,0.000346672,0,0,0,1.255553314
0.974645381,0,0.017792715,0,0.005930905,0,0.000247121,0.001186181,0.000197697,0,0,0,1.25611957
0.974653929,0.002924547,0.00877364,0.003899396,0.002924547,0.003899396,0.000341197,0.001462273,0.000341197,0,0,0.000779879,1.255762369
0.974717167,0.003935071,0.007870143,0.003935071,0.003935071,0,0.000344319,0.004918839,0.000344319,0,0,0,1.255887773
0.974789916,0.004943154,0.006920415,0.003954523,0.004448838,0.002965892,0.000296589,0.001482946,0.000197726,0,0,0,1.256055529
0.974884827,0,0.016842522,0,0.004953683,0,0.000297221,0.002179621,0.000346758,0,0,0.000495368,1.256637096
0.974956608,0.006446814,0.010909993,0,0.003471361,0,0.000148773,0.00396727,9.92E-05,0,0,0,1.25652657
0.974986591,0,0.014627724,0.002925545,0.004875908,0,0.000341314,0.001365254,0.000292554,0,0,0.000585109,1.256787735
0.975050046,0,0.016600752,0,0.003417802,0,0.000146477,0.004687271,9.77E-05,0,0,0,1.256987316
0.975081679,0,0.014629151,0.00292583,0.004876384,0,0.000341347,0.00126786,0.000292583,0,0,0.000585166,1.257016713
0.975113122,0.003934684,0.007869368,0.003934684,0.003934684,0,0.000442652,0.004328153,0.000442652,0,0,0,1.256846506
0.975199248,0.0059403,0.0099005,0,0.003465175,0,0.000346517,0.00475224,0.00039602,0,0,0,1.257083584
0.975229179,0,0.015603667,0,0,0.005851375,0.000438853,0.002438073,0.000438853,0,0,0,1.257342018
0.975272008,0.008011869,0.007912957,0,0.005934718,0,0.000395648,0.002077151,0.000395648,0,0,0,1.257230451
0.975440337,0.005953858,0.006946167,0.002976929,0.003473084,0.002976929,0.000248077,0.001488464,9.92E-05,0,0,0.000396924,1.257604691
0.975464389,0.011920135,0.00645674,0,0.003973378,0,0.000248336,0.001688686,0.000248336,0,0,0,1.257548896
0.975465563,0,0.011823825,0,0.003448616,0,0.000394128,0.008375209,0.000492659,0,0,0,1.257760432
0.975604958,0.003934684,0.007869368,0.003934684,0.003934684,0,0.000442652,0.003836317,0.000442652,0,0,0,1.258034296
0.975609756,0.010928419,0.005960956,0,0.003477224,0,0.000347722,0.003278526,0.000397397,0,0,0,1.257904806
0.975657927,0,0.01481262,0,0.003456278,0.002962524,0.000246877,0.002172518,9.88E-05,0,0,0.000592505,1.25839037
0.975704947,0,0.015611279,0,0,0.00585423,0.000390282,0.00204898,0.000390282,0,0,0,1.258488648
0.975730805,0.008933446,0.008933446,0,0.003474118,0,0.000347412,0.002183731,0.000397042,0,0,0,1.258306795
0.975754871,0.005949725,0.009916208,0,0.002974862,0.002479052,0.000247905,0.002280728,0.000396648,0,0,0,1.258430127
0.97579693,0.003935458,0.007870917,0.003935458,0.003935458,0,0.000344353,0.003837072,0.000344353,0,0,0,1.258495967
0.975800156,0,0.015612802,0,0,0.005854801,0.00034153,0.00204918,0.00034153,0,0,0,1.258717675
0.975826344,0,0.015786877,0,0.005920079,0,0.000197336,0.00197336,0.000296004,0,0,0,1.258873138
0.97590003,0.00595061,0.009917683,0,0.002975305,0.002479421,0.000247942,0.002281067,0.000247942,0,0,0,1.258779298
0.975933202,0.002946955,0.009823183,0,0.002946955,0.000589391,0.000196464,0.007367387,0.000196464,0,0,0,1.258836155
0.975968612,0,0.016674841,0,0.003923492,0,0.000392349,0.00255027,0.000490436,0,0,0,1.259223893
0.97599063,0,0.01561585,0,0.005367948,0,0.000439196,0.002147179,0.000439196,0,0,0,1.259253592
0.976085896,0,0.015617374,0,0.005368472,0,0.000439239,0.00204978,0.000439239,0,0,0,1.259483429
0.976096793,0.003934684,0.007869368,0.003934684,0.003934684,0,0.000442652,0.003344482,0.000442652,0,0,0,1.259222087
0.976142056,0.004960071,0.008928129,0.003968057,0.00347205,0,0.000347205,0.001785626,0.000396806,0,0,0,1.259346878
0.976145885,0,0.015771316,0,0.004435683,0,0.000344998,0.002957122,0.000344998,0,0,0,1.259616711
0.976261128,0.002967359,0.011869436,0,0.002967359,0.002472799,0.00024728,0.002967359,0.00024728,0,0,0,1.259729127
0.976338361,0,0.015774426,0,0.004436557,0,0.000345066,0.002760524,0.000345066,0,0,0,1.260081544
0.976432647,0.006450012,0.009923096,0,0.003473084,0,0.000148846,0.003473084,9.92E-05,0,0,0,1.260056741
0.976484655,0,0.004982065,0,0.004982065,0,0.000298924,0.012953368,0.000298924,0,0,0,1.259966375
0.97650079,0.002962085,0.010860979,0,0.002962085,0.002468404,0.00024684,0.003751975,0.00024684,0,0,0,1.260271373
0.976506234,0,0.006457061,0.009933939,0.003476879,0,0.000347688,0.002880842,0.000397358,0,0,0,1.260098525
0.976529056,0.00295232,0.00885696,0.00295232,0.003444373,0.00295232,0.000246027,0.001968213,9.84E-05,0,0,0,1.260293132
0.976550905,0.00593648,0.007915306,0,0.003957653,0,0.000346295,0.004947066,0.000346295,0,0,0,1.260294557
0.976790123,0.002962963,0.011851852,0,0.002962963,0.002469136,0.000246914,0.002469136,0.000246914,0,0,0,1.261005705
0.976848686,0,0.01465273,0,0,0.005861092,0.000390739,0.001856013,0.000390739,0,0,0,1.261206938
0.976920016,0,0.016912057,0,0,0,0.000397931,0.004476721,0.001293275,0,0,0,1.261490444
0.976926853,0,0.015709377,0,0.003927344,0,0.000392734,0.002552774,0.000490918,0,0,0,1.261492464
0.976944119,0,0.011723329,0,0.007815553,0,0.000488472,0.00244236,0.000586166,0,0,0,1.261456445
0.976944119,0,0.014654162,0,0,0.005861665,0.00034193,0.001856194,0.00034193,0,0,0,1.261436765
0.976983108,0.002963548,0.011854193,0,0.002963548,0.002469624,0.000246962,0.002272054,0.000246962,0,0,0,1.261471767
0.977022781,0,0.015710919,0,0.00392773,0,0.000392773,0.002454831,0.000490966,0,0,0,1.261724216
0.977079629,0.002963841,0.010867418,0,0.002963841,0.002469868,0.000246987,0.003161431,0.000246987,0,0,0,1.261670691
0.977114428,0,0.016915423,0,0,0,0.00039801,0.005074627,0.000497512,0,0,0,1.261950133
0.977195488,0.006895533,0.006895533,0,0.005910457,0,0.000344777,0.00246269,0.000295523,0,0,0,1.261859773
0.977214693,0,0.015714005,0,0.003928501,0,0.00039285,0.002258888,0.000491063,0,0,0,1.262187852
0.977272727,0.002964427,0.011857708,0,0.002964427,0.002470356,0.000247036,0.001976285,0.000247036,0,0,0,1.262171198
0.977321603,0.002932551,0.00684262,0.002932551,0.00342131,0.002932551,0.000244379,0.001270772,0.000146628,0,0,0.001955034,1.262161563
